Aruba;ABW;0;0;0;0;0;0;0;0;0;0;0;0;0;0;0;0;0;0;0;0;0;0;0;0;0;0;180;447;612;649;1639;1683;1463;1595;1613;1668;1690;1745;1797;1808;2380;2409;2439;2563;2618;2721;2717;2824;2659;2629;2508;2501;1349;862;873
Afghanistan;AFG;414;491;689;708;840;1008;1093;1283;1225;942;1672;1896;1533;1639;1918;2127;1988;2391;2160;2241;1760;1984;2101;2523;2831;3509;3143;3124;2868;2776;2615;2439;1393;1346;1294;1243;1177;1096;1041;821;774;818;1071;1195;950;1327;1650;2274;4206;6769;8463;12240;10755;10015;9809
Angola;AGO;550;455;1181;1151;1225;1188;1555;994;1672;2787;3583;3410;4507;4881;4873;4415;3286;3535;5412;5504;5346;5280;4650;5115;5009;4701;4661;5816;5130;5009;5115;5090;5196;5776;3891;10975;10458;7382;7308;9156;9542;9732;12666;9065;18793;19156;22266;25152;25709;27792;29057;30341;33399;32618;34763
Albania;ALB;2024;2281;2464;2083;2017;2175;2552;2681;3073;3245;3744;4353;5644;5291;4345;4595;4950;5721;6494;7587;5170;7341;7308;7631;7825;7880;8056;7444;7327;8984;5515;4287;2516;2336;1925;2087;2017;1544;1753;2985;3022;3223;3751;4294;4166;4254;3898;3927;4375;4378;4598;5240;4910;5064;5717
Andorra;AND;0;0;0;0;0;0;0;0;0;0;0;0;0;0;0;0;0;0;0;0;0;0;0;0;0;0;0;0;0;0;407;407;407;411;407;425;455;466;491;513;524;524;532;535;561;576;546;539;539;517;517;491;488;477;462
Arab World;ARB;59535;65120;74322;87854;103147;123769;139012;149659;178719;213029;220470;250795;272742;318447;310772;307639;373317;395094;425706;455941;508536;497258;476720;508407;554637;586805;648157;649426;688300;699384;671736;740323;795659;877890;901869;866642;862034;833007;906420;919933;1045762;1040651;1062154;1143169;1252559;1318345;1381942;1359856;1491970;1581328;1645559;1655808;1796962;1775096;1895700
United Arab Emirates;ARE;11;11;18;22;18;22;26;917;1243;20524;15247;21184;23454;30630;31327;31070;39651;38786;44814;36608;36905;36857;36872;35343;46395;49926;47235;47693;48368;54488;52009;57011;58137;65980;73131;70641;41059;41646;81495;78375;112562;101415;84704;106842;113241;116149;123875;135628;157355;167960;160813;165440;176386;170706;211370
Argentina;ARG;48815;51180;53696;50084;55727;58866;63138;65544;69083;77330;82735;88939;90157;94066;95569;94931;99786;100791;102639;110703;108738;102042;103424;105214;106523;100597;104212;114942;121473;117091;112148;117098;121352;117927;122408;127964;135001;138004;139815;146984;142137;133721;124715;135063;157589;162111;175437;175176;189107;179962;187919;191634;192356;189852;204025
Armenia;ARM;0;0;0;0;0;0;0;0;0;0;0;0;0;0;0;0;0;0;0;0;0;0;0;0;0;0;0;0;0;0;0;0;5827;2556;2706;3410;2563;3234;3363;3014;3465;3542;3044;3429;3645;4353;4382;5064;5559;4360;4217;4917;5695;5497;5530
American Samoa;ASM;0;0;0;0;0;0;0;0;0;0;0;0;0;0;0;0;0;0;0;0;0;0;0;0;0;0;0;0;0;0;0;0;0;0;0;0;0;0;0;0;0;0;0;0;0;0;0;0;0;0;0;0;0;0;0
Antigua and Barbuda;ATG;37;48;103;84;92;150;348;565;990;1258;462;425;374;330;429;708;403;466;491;407;143;106;293;84;147;249;249;275;286;286;282;268;264;271;268;275;293;308;319;330;345;348;370;403;422;429;444;469;480;510;524;513;524;524;532
Australia;AUS;88202;90590;94913;101030;108980;120967;120333;129265;134623;142258;147619;152775;157487;170992;172356;175884;174245;187787;202015;205070;220746;230361;234120;225003;236595;241230;239965;256107;261145;277772;263705;261472;267984;277398;278120;281860;302164;305795;316884;325344;329443;324845;341354;336271;342699;350173;365347;372090;385904;394793;390862;391819;388126;372267;361262
Austria;AUT;30821;31863;33905;36993;38944;38188;39259;39967;42350;44693;50693;52156;56193;60164;57469;54393;58415;56219;57484;61595;52306;56131;53868;51983;54550;54701;54081;57744;53340;54118;57686;61606;56659;57103;57055;59783;63179;62658;63663;61870;62284;65889;67073;72196;72390;74216;72163;69735;69028;62731;67502;65020;62273;62486;58712
Azerbaijan;AZE;0;0;0;0;0;0;0;0;0;0;0;0;0;0;0;0;0;0;0;0;0;0;0;0;0;0;0;0;0;0;0;0;56241;48452;41976;33333;31258;29809;31676;28577;29508;28771;29615;30616;32090;34338;39167;30509;35504;31903;30678;33447;35555;35643;37488
Burundi;BDI;0;0;44;48;48;37;48;48;55;73;62;73;73;73;92;77;88;99;103;110;147;158;158;205;220;231;235;249;227;268;209;238;216;227;235;238;242;249;249;253;271;205;213;161;198;154;187;187;191;191;213;242;282;290;440
Belgium;BEL;91000;92793;98118;105782;103662;105441;105206;107472;118558;123618;125620;121528;130835;138873;135221;122100;130010;126570;135855;140233;135301;124022;117553;101631;105423;104473;102874;103116;100355;107461;106050;110960;111968;107652;112335;112328;118059;115342;118374;114260;115118;114528;107311;112914;111103;108510;107073;103545;104443;99863;110824;99944;95107;96970;93351
Benin;BEN;161;128;136;121;143;150;114;143;154;202;282;293;389;381;407;444;260;297;363;367;517;429;491;455;502;744;686;539;554;631;708;821;898;1133;1265;1327;1265;1217;1214;1562;1599;1815;2079;2354;2508;2395;3872;4496;4411;4661;5090;5295;5471;5812;6318
Burkina Faso;BFA;44;92;84;88;110;103;103;103;103;121;143;150;161;169;205;220;209;249;348;407;433;557;576;594;466;477;480;517;554;821;583;627;631;627;645;627;708;807;862;931;1041;997;1005;1078;1104;1126;1360;1646;1918;1933;1962;2211;2629;3058;2849
Bangladesh;BGD;0;0;0;0;0;0;0;0;0;0;0;0;3509;4554;4661;4870;5570;5812;6018;6648;7638;7932;8599;8236;9123;10235;11463;11863;13546;13454;15533;15940;17748;17407;18969;22816;24030;25064;24048;25236;27869;32457;33707;35673;37704;39479;43542;44382;49512;53736;59937;63413;67506;69710;73190
Bulgaria;BGR;22295;25973;30737;34411;42864;46318;48767;55166;59526;66376;61239;64301;66171;68826;71261;73061;73116;75969;81411;79152;77487;80344;90131;90366;87366;89541;91528;91635;87289;86739;74480;57550;54206;67862;54162;58005;56560;51617;48998;43982;43531;46454;44635;47308;46802;47917;48991;52255;50740;42666;44114;49347;44708;39600;42416
Bahrain;BHR;576;1771;1591;1195;1599;1228;649;1005;1104;1272;2593;3040;3682;5523;5405;5754;6575;7470;7767;8133;7888;8526;9839;8229;9208;10194;11012;11430;12163;11738;12427;11877;10902;14642;14789;14818;15621;17319;18405;18020;18643;13927;15698;16468;17510;19208;18830;26846;29769;28218;29266;28650;26674;31313;31338
Bahamas, The;BHS;411;546;726;708;1085;1316;1093;1705;1632;1745;2574;6733;6491;7873;7389;8254;6465;9718;6608;6931;7990;2802;2263;2017;1856;1511;1412;1423;1540;1947;1951;1782;1793;1701;1687;1683;1668;1364;1679;1676;1668;1569;1577;1518;1723;1742;1665;1690;1496;1643;1654;1867;1969;2802;2417
Bosnia and Herzegovina;BIH;0;0;0;0;0;0;0;0;0;0;0;0;0;0;0;0;0;0;0;0;0;0;0;0;0;0;0;0;0;0;0;0;15053;12603;3231;3429;4257;8394;10594;10378;13788;13363;14301;14488;15610;16204;17565;17653;20154;20704;21276;23887;22259;21921;22233
Belarus;BLR;0;0;0;0;0;0;0;0;0;0;0;0;0;0;0;0;0;0;0;0;0;0;0;0;0;0;0;0;0;0;0;0;87418;76769;65056;60773;60164;59556;58100;56112;53788;52761;52405;53531;58159;59167;62071;60524;63105;61221;63043;64062;63223;63769;63498
Belize;BLZ;44;37;70;62;84;84;81;121;103;136;121;143;158;147;154;176;176;198;216;209;191;183;172;172;172;191;205;227;249;301;312;359;356;378;374;378;308;389;370;348;396;447;433;433;392;422;444;477;436;587;539;601;477;513;495
Bermuda;BMU;158;176;158;150;202;180;202;213;224;198;227;231;253;425;444;458;469;455;425;462;436;389;396;451;444;451;422;572;645;781;502;539;462;539;532;532;528;524;521;513;517;528;557;561;583;583;653;730;649;477;609;444;477;458;576
Bolivia;BOL;1005;1041;1100;1214;1481;1511;1690;1892;2178;2549;2486;3062;3572;3458;3517;4059;4580;4481;5027;4738;4668;4793;4349;4290;4041;4125;3777;4030;4309;4994;5757;6007;6656;7829;8636;9850;9828;10942;10990;10444;11067;8621;10396;11093;11115;12185;15057;12332;13238;13990;15203;16146;18793;18918;20411
Brazil;BRA;46908;49204;53696;55617;56736;56398;64305;66193;77421;84315;93762;102636;114363;132463;143457;151165;155154;162961;176925;188322;187090;171806;172177;166632;168807;181249;198883;207530;209364;214024;208887;219331;220706;230739;242154;258347;284783;300547;312289;320173;327984;337434;332267;321622;337826;347309;347668;363213;387631;367147;419754;439413;470029;503677;529808
Barbados;BRB;172;194;260;191;180;205;268;337;440;480;429;484;502;480;491;568;532;590;631;601;675;686;645;686;748;847;917;942;946;990;1074;1206;979;1115;748;829;851;902;1140;1210;1188;1221;1228;1269;1294;1353;1371;1364;1621;1617;1478;1529;1470;1448;1272
Brunei Darussalam;BRN;334;304;370;356;341;334;491;440;429;488;8210;7517;9461;9982;8185;7081;6025;6395;9542;7440;6883;1470;2094;2706;1918;2596;2299;3319;5717;6348;6194;5310;5214;4969;4694;4789;4870;5060;5269;3909;4712;4507;4378;4591;4998;5005;4862;8416;9120;7862;8203;9696;9666;7803;9109
Bhutan;BTN;0;0;0;0;0;0;0;0;0;0;4;4;4;4;4;4;4;7;11;22;22;26;33;29;51;62;55;103;110;62;128;187;216;183;213;249;301;392;381;385;396;385;418;378;308;396;392;392;422;389;488;733;818;920;1001
Botswana;BWA;0;0;0;0;0;0;0;0;0;0;0;0;22;51;88;187;594;781;832;942;986;1008;1100;1030;1045;1159;1067;1239;1302;1430;2703;2637;2780;3198;3033;3047;2758;2802;3344;3161;3781;3850;3979;3828;3898;4096;4136;4232;4507;3762;4686;4177;4232;5229;7033
Central African Republic;CAF;88;88;73;73;73;88;84;92;183;187;209;183;169;161;114;103;128;128;147;103;106;136;143;147;150;161;161;260;231;249;198;205;216;224;235;235;235;246;249;264;268;246;246;235;235;235;249;253;253;253;264;279;293;297;301
Canada;CAN;192895;194182;207186;211109;237801;252154;259319;281897;303540;307401;341486;352608;381137;381621;389971;397143;399318;408152;415896;442068;443234;430003;414811;408687;425596;422079;405053;431349;456054;463274;435181;426780;440979;445581;456850;467638;479420;495294;506534;515390;534381;527927;519335;553101;552199;557417;543820;554355;561029;536764;534671;537113;517458;517161;537193
Central Europe and the Baltics;CEB;466533;491650;526299;569116;611357;630347;650420;676656;722507;776525;808071;832585;869399;905754;935125;997764;1056884;1100016;1156662;1168855;1200252;1127030;1155831;1166616;1165134;1186220;1207583;1241032;1198461;1164222;998302;910238;869420;862779;809461;829142;841617;819784;772366;730323;716172;735428;723609;747045;737159;741020;767081;767136;751519;682828;712993;715087;676033;658047;636386
Switzerland;CHE;19523;20389;24155;29105;28166;30370;31529;32563;36028;38096;40297;41943;42974;46263;41481;39098;40484;41085;42218;39912;40539;38859;36630;40069;39175;39827;42295;40253;40711;39468;42611;42706;42794;40751;41323;39226;39886;41466;41705;40693;39050;42944;40696;40176;40366;41338;41851;37986;40403;41646;38995;36967;37774;40227;35306
Channel Islands;CHI;0;0;0;0;0;0;0;0;0;0;0;0;0;0;0;0;0;0;0;0;0;0;0;0;0;0;0;0;0;0;0;0;0;0;0;0;0;0;0;0;0;0;0;0;0;0;0;0;0;0;0;0;0;0;0
Chile;CHL;13491;14474;16725;17356;17525;17767;18793;19259;21225;22556;24664;27095;28192;27653;25955;23014;24103;23109;22948;24862;25266;24554;20616;20840;22200;21503;22248;22673;26927;32387;33315;31324;32475;34627;38104;41745;48500;56395;57642;61503;58815;53340;55163;55603;59776;61818;64814;71639;71851;66805;72251;79244;80975;83226;82563
China;CHN;780726;552067;440359;436696;436923;475973;522790;433234;468929;577237;771617;876633;931576;968543;988014;1145607;1196194;1310311;1462169;1494860;1467192;1451501;1580261;1667029;1814908;1966553;2068969;2209709;2369502;2408541;2442431;2565595;2690456;2878694;3058241;3320285;3463089;3469510;3324345;3318056;3405180;3487566;3850269;4540417;5233539;5896958;6529292;7030798;7553070;8001009;8776040;9733538;10028574;10258007;10291927
Cote d'Ivoire;CIV;462;554;587;623;763;1173;1294;1489;1764;2087;2442;2706;3014;3209;3561;3990;3964;4056;4818;5423;6223;4466;6109;4840;5405;7327;5966;7682;9160;8522;5035;4562;4100;5346;4686;6619;7840;7569;6912;6267;6791;7726;7286;5460;7664;7825;6997;6777;6777;5658;6967;7250;9296;10686;11045
Cameroon;CMR;271;282;290;301;337;312;345;458;506;572;638;810;862;898;975;1162;1093;1566;2002;1830;3905;5343;6344;6590;6058;6476;1995;1845;2200;7635;1734;1104;3788;3898;3817;4228;4463;3216;3209;3080;3432;3421;3418;3795;3957;3696;3861;5834;5545;6725;6780;5768;6128;6773;7004
Congo, Dem. Rep.;COD;2321;2358;2175;2296;1977;2472;2406;2292;3370;3652;2714;2963;3022;3194;3370;3238;3414;3487;3539;3755;3502;3777;3073;4026;3964;3641;3377;3854;4019;4393;4070;2963;2816;2593;1639;2123;2318;1900;1668;1382;814;836;928;986;1199;1500;1610;1756;1859;1749;2021;2494;2402;3590;4672
Congo, Rep.;COG;224;268;238;235;268;246;308;323;451;502;572;686;664;1221;1624;1100;1236;480;323;348;407;473;1346;1144;1140;1280;1067;1324;1500;1507;1188;1005;1280;1320;2149;1566;1716;2343;777;821;1049;766;576;917;950;983;1118;1214;1309;1745;1980;2259;2970;3088;3095
Colombia;COL;16410;18218;19442;21258;21709;22886;23502;24716;26604;28049;28405;30326;31481;33700;36479;35896;38089;39354;41683;44433;44356;44459;45915;49449;48980;48379;49101;50487;52445;53234;57337;57121;62049;64022;67572;59614;60528;64910;65977;56512;57924;56274;55661;57422;55071;60946;62940;62431;68089;72662;76175;76530;79952;89625;84092
Comoros;COM;11;11;11;11;11;15;18;18;18;18;29;29;29;29;29;33;40;40;29;22;48;48;48;48;48;48;44;48;51;51;62;66;66;70;70;73;77;81;88;92;103;103;103;132;143;139;161;103;106;132;161;136;143;176;154
Cabo Verde;CPV;22;22;18;15;29;26;22;18;29;37;37;37;51;62;66;77;73;81;209;249;121;33;37;37;84;84;59;81;73;81;95;99;106;110;114;121;143;147;158;183;216;235;275;308;330;440;473;506;469;524;557;616;506;499;491
Costa Rica;CRI;491;491;550;601;675;847;994;876;1038;1148;1250;1529;1764;2046;1907;2039;2087;2615;2923;2794;2464;2252;2087;2105;2002;2266;2607;2758;2941;2974;2956;3337;3792;3953;5269;4866;4749;4987;5317;5523;5475;5761;6326;6626;6931;6868;7099;8122;8130;7902;7569;7741;7767;7598;7759
Caribbean small states;CSS;5878;8804;11771;5985;10653;11918;11756;14026;14026;14870;20961;25060;25581;30671;29483;31584;34767;38606;37092;37524;38837;32567;31621;28639;28900;31973;27895;29241;27147;29904;31595;32075;33945;33153;32856;33692;37836;36021;36989;40814;42493;45544;46637;50476;52233;56747;62266;63674;63355;61866;64792;64272;62863;65053;63637
Cuba;CUB;13700;12182;14169;13040;14294;14609;15185;15750;16036;17261;18672;19607;20799;22398;22911;27066;27224;29402;30689;31712;31401;32750;34554;30843;32603;32578;33568;33953;35636;35739;33344;29710;31294;29380;32248;25709;26996;24650;24499;25332;26083;25453;26091;25486;25005;26006;27407;26795;30443;29897;38375;35988;36157;34800;34837
Curacao;CUW;0;0;0;0;0;0;0;0;0;0;0;0;0;0;0;0;0;0;0;0;0;0;0;0;0;0;0;0;0;0;0;0;0;0;0;0;0;0;0;0;0;0;0;0;0;0;0;0;0;0;0;0;5999;5214;5882
Cayman Islands;CYM;11;11;11;11;11;11;18;15;22;44;37;44;55;59;55;55;66;70;92;92;161;154;161;169;183;191;202;216;224;257;249;271;312;330;363;363;385;407;429;429;466;469;488;495;462;473;484;572;583;557;557;587;535;535;543
Cyprus;CYP;887;865;906;986;1001;1151;1243;1364;1624;1672;1705;1885;2406;2501;1925;1980;2464;2670;2809;3003;3209;3047;3102;3099;3183;3102;3546;4122;4129;4342;4375;4690;5181;5449;5644;5383;5937;5860;6406;6377;6931;6846;7022;7748;7334;7503;7789;8196;8577;8111;7708;7426;6920;5948;6062
Czech Republic;CZE;0;0;0;0;0;0;0;0;0;0;0;0;0;0;0;0;0;0;0;0;0;0;0;0;0;0;0;0;0;0;0;0;138176;132632;125734;123831;125378;127414;122544;111976;123849;123721;119750;122060;116776;120109;122107;123303;116658;107659;111579;106908;101030;98675;96475
Germany;DEU;0;0;0;0;0;0;0;0;0;0;0;0;0;0;0;0;0;0;0;0;0;0;0;0;0;0;0;0;0;0;0;929973;891976;877645;865559;864110;889614;862277;855364;822460;829978;853663;829725;822812;816802;797180;816472;780547;780565;722263;758860;732498;739861;757313;719883
Djibouti;DJI;40;44;48;66;84;121;139;88;121;84;139;161;191;180;194;198;198;198;202;363;348;301;348;348;352;359;378;389;348;389;323;312;312;312;304;304;312;326;315;315;341;367;400;422;407;414;411;462;499;462;517;473;517;609;722
Dominica;DMA;11;11;11;15;15;15;15;22;22;18;26;26;26;26;29;29;29;26;26;33;37;37;40;40;44;48;48;48;55;59;59;59;59;62;66;81;73;81;77;81;103;110;103;117;114;117;114;154;132;132;139;128;136;132;136
Denmark;DNK;29780;31734;36927;40707;43190;44338;50128;49075;53326;59402;62101;57062;59644;59266;55078;55779;60135;61848;61118;62999;60370;51789;53696;50176;50861;60073;58903;58342;55108;48786;50231;60271;54323;57066;61001;57172;72181;61558;59552;55148;51331;52918;52049;55999;50601;47095;54987;50256;46934;44510;46641;40645;36428;38533;33498
Dominican Republic;DOM;1041;1030;1243;1250;1749;1547;1672;1569;2351;2655;3110;3524;4675;5966;6417;6340;6333;5614;5449;6810;6458;6168;6340;7913;7444;7294;8181;9754;9835;10367;9230;10044;10924;11764;12475;15885;17327;18001;18397;18562;19791;19816;21331;21514;18309;18639;19783;21173;20711;20227;21023;21228;22123;21441;21540
Algeria;DZA;6161;6065;5669;5427;5651;6597;8430;8441;9061;11276;15075;18669;28350;38313;31907;32031;39171;41892;62530;45621;66519;46439;39270;52625;71103;72786;76277;84121;83949;80047;76970;79050;80139;82210;86417;95294;97098;87341;106999;92045;87861;84220;89908;91576;88510;107278;101070;109405;110208;121400;119178;121187;129988;134465;145400
East Asia & Pacific (excluding high income);EAP;852797;623027;509627;506657;513528;558537;616281;535189;584689;705613;914611;1029392;1091262;1143764;1160767;1328936;1392355;1535492;1706620;1749064;1725480;1714593;1851104;1952649;2104262;2275308;2388444;2546786;2732539;2785212;2864275;3045420;3216890;3457280;3667655;3996722;4202091;4259611;4016009;4049087;4197276;4342204;4736796;5488494;6246987;6940456;7575023;8122758;8727787;9227347;10039666;11172155;11515570;11634035;11688627
Early-demographic dividend;EAR;582183;606143;641191;671870;716684;768296;807440;877564;972044;1021631;1098450;1171860;1224906;1347949;1399948;1430968;1555576;1666902;1749878;1848616;1938022;2012199;2102819;2158703;2234947;2354467;2473251;2573526;2700346;2827455;2851175;3077550;3173490;3330373;3448305;3500969;3684279;3784619;3885535;4080693;4236793;4289756;4370301;4598873;4833377;5002701;5278881;5489631;5868139;6099152;6167447;6501540;6881092;6722579;7079255
East Asia & Pacific;EAS;1210072;1041181;948555;991795;1046002;1134631;1230384;1241557;1376914;1608550;1971532;2127032;2264146;2412761;2434009;2570142;2701950;2903579;3081138;3203042;3193797;3161342;3279927;3379308;3613905;3782660;3913008;4093945;4421226;4559019;4703785;4912997;5156987;5447900;5758134;6122093;6413087;6523428;6184239;6313362;6547513;6681613;7132996;7900305;8716017;9373914;10029012;10634881;11224860;11631078;12584718;13753829;14109486;14258139;14272115
Europe & Central Asia (excluding high income);ECA;0;0;0;0;0;0;0;0;0;0;0;0;0;0;0;0;0;0;0;0;0;0;0;0;0;0;0;0;0;0;0;0;3779610;3473190;3043978;2952373;2886554;2704553;2665154;2675478;2712569;2714097;2731553;2852687;2884596;2903823;3014546;3058772;3113011;2833284;3034186;3182121;3244308;3155716;3046610
Europe & Central Asia;ECS;0;0;0;0;0;0;0;0;0;0;0;0;0;0;0;0;0;0;0;0;0;0;0;0;0;0;0;0;0;0;0;0;7644381;7275290;6816598;6775803;6822776;6568968;6552559;6506504;6557164;6640964;6628475;6820400;6864186;6866418;7002692;6971911;6959492;6390991;6703823;6682339;6685251;6551569;6245992
Ecuador;ECU;1764;1646;1566;1797;2145;2277;2420;2593;3117;3594;4283;4224;4595;5262;6091;7363;8111;7484;10425;12167;13443;16692;19288;19556;21258;19431;15277;15115;17272;20268;16828;16498;22281;24206;13652;22842;24191;18361;22460;21496;20719;23117;24950;26967;29046;30264;28859;31888;33868;36069;36461;38610;38140;40997;43920
Egypt, Arab Rep.;EGY;16054;17088;18595;21555;25522;27642;26564;19677;22904;19695;21687;23047;25511;23795;26124;31100;34495;37865;39314;42948;45240;50979;56523;57092;63839;63938;74565;74810;74532;72181;75944;78716;81264;93156;85313;95723;102031;108202;122243;125393;141326;125452;127194;147963;150912;167208;178587;189093;198586;206734;202715;217163;217068;213412;201894
Euro area;EMU;0;0;0;0;0;0;0;0;0;0;0;0;0;0;0;0;0;0;0;0;0;0;0;0;0;0;0;0;0;0;0;2648356;2580076;2526548;2513971;2567956;2634270;2600981;2648245;2618685;2637002;2702326;2701886;2741596;2767041;2750877;2752366;2704750;2642510;2443076;2496138;2402098;2352138;2308652;2191542
Eritrea;ERI;0;0;0;0;0;0;0;0;0;0;0;0;0;0;0;0;0;0;0;0;0;0;0;0;0;0;0;0;0;0;0;0;0;0;865;935;1012;865;590;620;609;631;605;726;770;766;561;579;414;513;513;594;660;667;697
Spain;ESP;48929;53678;60054;58822;64411;71118;77729;86519;97157;96882;116930;128682;145026;155367;173152;181645;198443;195664;200493;203746;215004;207288;209906;204868;198953;201234;190468;190878;199034;226672;218597;225634;233922;219254;233405;241611;233306;252073;261541;282355;294434;297830;314519;321097;339429;353462;350037;358237;329286;288237;270911;270548;264779;237035;233977
Estonia;EST;0;0;0;0;0;0;0;0;0;0;0;0;0;0;0;0;0;0;0;0;0;0;0;0;0;0;0;0;0;0;0;0;23880;19508;19043;17521;18350;18108;16311;15159;14859;15570;14888;17125;17283;16755;16175;18709;17492;14565;18108;18606;17624;19893;19519
Ethiopia;ETH;352;341;396;422;407;645;825;1074;1727;1668;1654;1852;1408;1753;1738;1210;1177;1049;1371;1848;1822;1867;1481;1845;1665;1815;2215;2582;2673;2827;3018;2985;2967;3029;2241;2563;2860;3051;3220;3157;3550;4353;4521;4987;5295;5119;5504;6014;6579;6630;6586;7726;8562;10634;11599
European Union;EUU;2359595;2445946;2587256;2763661;2879590;2977006;3066068;3135495;3317199;3520601;3753441;3846742;3999496;4203895;4142869;4065318;4331570;4315908;4457561;4647644;4518359;4266013;4171917;4111986;4084429;4189511;4179574;4258990;4202997;4323274;4100787;4112589;3994291;3938794;3884988;3947856;4055918;3963004;3968801;3896092;3911985;3997697;3973998;4047103;4056135;4039747;4071767;4003411;3915304;3601566;3709776;3568090;3494156;3421472;3241844
Fragile and conflict affected situations;FCS;34767;35331;37287;37794;39765;52711;65863;72651;99777;107119;105772;106052;98646;103764;102061;104603;132552;129733;130545;157439;150272;142801;143252;158373;164049;174021;181849;193698;217656;221242;192659;199733;210623;218976;237592;240477;237452;241093;252813;257632;258820;273801;266855;292153;321690;324616;314605;290460;331302;347690;365710;367347;383508;410441;423601
Finland;FIN;15104;14939;16810;19358;22853;25328;29519;28617;33315;37935;40396;40583;44162;49387;46681;46102;51279;50220;51914;54334;58247;51510;43084;41576;42255;49666;53329;57656;52185;52585;51745;53700;47473;50403;57224;52713;61283;59933;56989;55423;52427;57051;61683;69130;67091;54646;66200;63985;56519;53149;62082;56816;49134;47220;47301
Fiji;FJI;194;169;231;242;425;345;323;356;396;433;521;550;579;631;671;623;484;766;711;840;796;1082;840;715;583;579;605;477;554;631;814;671;748;752;748;763;821;792;770;785;843;1056;891;1049;1353;1096;1217;1159;895;792;1221;1089;1060;1151;1170
France;FRA;271219;281211;298706;334020;345303;351852;347236;372010;384632;413260;439013;462434;480729;516600;499071;446919;505602;480857;505859;529155;505364;454701;436894;422603;405343;400880;385614;377492;372208;390649;375691;390690;365893;359916;338119;349161;375306;351563;377444;368919;362226;377536;375075;380690;383759;385369;375765;369142;366326;351900;353033;331805;333228;334097;303276
Faroe Islands;FRO;59;114;117;125;121;136;139;169;183;213;257;260;235;253;301;348;330;407;400;480;422;440;458;488;499;517;491;499;528;579;711;667;649;583;576;572;601;590;623;631;689;763;726;733;748;722;678;689;631;576;631;568;590;678;598
Micronesia, Fed. Sts.;FSM;0;0;0;0;0;0;0;0;0;0;0;0;0;0;0;0;0;0;0;0;0;0;0;0;0;0;0;0;0;0;0;0;99;99;103;106;106;110;117;110;125;169;143;143;143;121;121;139;117;161;114;121;136;143;150
Gabon;GAB;132;165;88;73;191;216;381;1012;1962;1434;2083;2846;2739;5313;5453;5368;5710;6315;7561;6755;6634;6575;6557;5519;5996;6318;4969;4023;4334;5772;4499;4536;4932;4991;4389;4624;4774;4796;4980;4807;4694;4800;4573;4642;4686;4888;4173;4118;4173;4250;4811;4972;5104;5280;5192
United Kingdom;GBR;584300;588939;593361;603823;608355;622620;618564;592518;606969;628857;653063;660863;648487;660034;617607;603643;598913;604747;605084;644893;579291;560820;548521;545741;529335;559856;568777;571869;570464;581722;555925;566830;556280;545712;546739;538118;551436;527344;531906;530938;541785;545862;528642;540006;539240;542580;541458;528426;520688;471719;493208;447829;468573;458250;419820
Georgia;GEO;0;0;0;0;0;0;0;0;0;0;0;0;0;0;0;0;0;0;0;0;0;0;0;0;0;0;0;0;0;0;0;0;15335;9952;6084;2303;4067;4437;4961;4345;4536;3770;3388;3773;4323;5068;6150;6421;5167;6241;6315;7972;8441;7858;8988
Ghana;GHA;1463;1346;1434;1723;1650;1705;1441;1496;1764;1690;2626;2296;2424;2475;2937;2747;2435;3003;2970;2659;2560;3047;3044;3656;2582;3326;3047;3286;3451;3344;3817;3935;3982;4547;4954;5277;5611;6366;6403;6549;6289;6920;7422;7631;7349;6993;9358;9828;9138;7708;9956;9831;11877;14620;14466
Gibraltar;GIB;48;51;55;55;55;48;55;62;66;66;70;81;73;84;77;88;77;77;70;92;88;51;22;37;33;44;40;48;70;70;143;198;235;238;282;275;282;293;308;319;334;345;348;356;385;400;418;414;425;462;466;451;462;491;528
Guinea;GIN;411;616;660;697;700;697;719;726;748;748;792;814;832;803;840;843;887;902;902;946;964;990;983;953;979;994;997;994;1027;1045;1005;1027;1060;1089;1250;1291;1364;1419;1503;1580;1643;1720;1804;1881;1944;1826;1892;1969;2189;2263;2604;2780;2582;2299;2450
Gambia, The;GMB;18;22;26;29;29;29;33;33;37;48;48;55;66;62;62;99;99;114;139;147;158;158;161;161;172;172;161;180;183;180;176;180;180;187;187;198;198;198;213;231;246;253;290;290;293;293;308;352;367;381;433;447;455;433;513
Guinea-Bissau;GNB;18;29;40;48;59;66;66;48;62;59;70;73;66;110;103;114;95;103;103;110;147;143;143;143;161;172;183;194;216;231;172;176;180;183;183;183;183;202;172;194;147;150;154;194;202;213;216;231;227;235;238;246;253;257;271
Equatorial Guinea;GNQ;22;22;22;26;26;29;26;26;29;44;37;66;88;29;51;62;62;62;70;62;59;70;73;62;81;66;81;99;106;117;66;143;158;99;33;128;114;290;165;466;455;3095;4980;6018;5218;4712;4756;4796;4503;4620;4679;6128;5115;5163;5346
Greece;GRC;9406;9824;10165;12259;13223;17026;18650;19534;22321;25475;24166;27814;31573;37257;36219;38874;42911;47000;48082;51294;51430;50722;52148;55544;57055;60601;59130;63472;67990;74183;74279;74062;75500;75713;77909;78782;80241;83718;87751;86637;91616;93806;93670;95738;97150;98675;97286;98246;95965;91943;83857;79842;80043;69482;67319
Grenada;GRD;22;18;26;15;22;22;29;37;40;48;44;48;48;55;37;48;48;48;51;48;48;59;62;62;62;62;66;73;95;103;106;110;117;121;143;150;154;169;176;194;191;194;205;216;205;216;231;238;253;253;260;253;271;304;242
Greenland;GRL;224;293;264;330;315;345;389;418;543;407;381;469;554;557;557;506;220;722;392;572;565;528;517;363;568;510;326;235;546;473;554;546;480;499;502;502;517;521;528;539;532;539;539;532;583;609;627;638;660;576;664;708;568;554;506
Guatemala;GTM;1346;1408;1382;1522;1771;1977;1742;1984;2142;2281;2299;2442;2710;2937;3069;3524;3311;3814;4129;4694;4510;3968;3627;3179;3421;3524;3700;3993;4125;4246;5086;5053;6018;5658;6839;7165;6652;7598;8753;8929;9916;10627;11096;10829;11621;12570;12647;12625;11430;11852;11665;11837;11973;13634;18328
Guam;GUM;0;0;0;0;0;0;0;0;0;0;0;0;0;0;0;0;0;0;0;0;0;0;0;0;0;0;0;0;0;0;0;0;0;0;0;0;0;0;0;0;0;0;0;0;0;0;0;0;0;0;0;0;0;0;0
Guyana;GUY;660;737;678;616;649;1078;1181;1324;1331;1368;1580;1500;1562;1804;1555;1826;1753;1900;2057;1522;1789;1800;1404;1247;1404;1419;1045;1309;1404;1184;1133;1115;1045;1045;1386;1463;1518;1591;1657;1679;1610;1595;1580;1566;1628;1437;1291;1562;1558;1566;1720;1782;1995;1936;2010
High income;HIC;5704454;5829209;6100320;6442752;6771366;7070173;7380010;7708238;8118346;8642208;9396208;9585885;10067916;10594057;10346268;10013131;10558119;10781441;11062086;11360541;11123131;10672924;10272617;10247254;10523654;10642443;10679356;10972713;11374477;11669254;11431386;11574543;11705657;11876258;12033148;12117252;12448988;12540005;12538898;12720076;13140226;13100648;13184208;13380008;13608982;13625008;13646694;13722394;13553491;12841330;13291782;13064059;12937606;12919318;12914073
Hong Kong SAR, China;HKG;2956;3374;3685;4250;4224;4807;5167;6058;6205;7759;8401;9160;9285;9296;10678;11019;12508;14232;15753;15885;16663;18691;19703;21016;22347;23014;25698;28273;29483;30348;27334;28639;33095;34965;31283;31470;29123;30704;39101;42717;40440;37957;39637;43359;41708;43872;42057;43722;43978;42148;40678;43795;43425;45005;46223
Honduras;HND;616;737;700;711;722;752;807;876;1225;1177;1390;1331;1536;1511;1558;1668;1778;2002;2050;1933;2057;1822;1764;2002;1988;1907;1848;2175;2505;2728;2593;2699;3077;2849;3337;3880;3960;4158;4650;4741;5031;5713;6091;6769;7367;7554;7008;8779;8672;7873;7976;8955;8984;9065;9472
Heavily indebted poor countries (HIPC);HPC;19754;20809;20844;22042;23976;28009;29217;31838;35600;39849;43202;46402;47573;51041;52134;52041;50688;52498;54640;55506;60007;58907;60208;60598;58729;62554;55294;61394;66527;70445;60290;57758;59877;61963;64040;70601;73963;76391;74385;74532;77062;80095;85657;90890;98342;100773;108580;116174;120967;124550;139386;150776;160358;174502;186999
Croatia;HRV;0;0;0;0;0;0;0;0;0;0;0;0;0;0;0;0;0;0;0;0;0;0;0;0;0;0;0;0;0;0;0;0;16417;16751;16490;16986;16956;18907;20154;19992;19340;20396;21474;22985;22376;22592;22607;23828;22592;21166;20172;19809;17994;17550;16843
Haiti;HTI;286;297;304;249;301;304;304;260;264;315;385;403;392;422;473;484;675;708;755;755;752;766;825;895;913;942;843;913;1023;1038;994;997;909;664;301;902;1034;1368;1232;1331;1368;1569;1826;1734;1988;2076;2112;2391;2398;2270;2127;2219;2314;2406;2860
Hungary;HUN;45372;48976;50561;56281;62401;61294;61734;58830;61155;62420;70003;69281;69431;73069;74103;75390;80014;83204;88188;86230;86860;86618;86871;89137;90854;86105;83538;84436;78265;76090;69647;66585;60395;61917;58885;60370;62064;60887;59163;58800;55826;56978;56065;59053;57458;58019;57389;56035;54844;48511;50223;47843;44583;42141;42086
IBRD only;IBD;2555413;2274910;2200312;2271036;2382618;2555903;2739171;2707040;2949490;3263189;3700375;4002560;4223381;4484385;4618106;4996773;5310350;5665493;6098197;6316138;6370142;6313701;6678105;6911878;7236114;7671078;7996779;8433109;8832215;9092451;9008082;9347888;9655081;9715737;9633766;10014023;10292570;10283261;10134274;10306417;10510284;10720015;11154045;12204319;13173560;14066020;15013501;15751822;16749155;17161751;18258305;19728658;20440144;20545959;20784534
IDA & IBRD total;IBT;2646764;2365642;2296576;2373491;2495120;2682994;2873778;2846524;3106708;3429130;3887901;4213159;4441075;4726699;4887970;5248134;5580413;5936382;6374719;6644717;6710906;6663221;7031760;7271049;7621926;8072922;8407514;8850849;9288146;9511355;9423884;9774794;10105390;10165272;10069791;10448080;10754260;10746189;10614995;10802423;11049625;11279397;11727213;12812845;13810069;14707004;15676787;16454111;17464977;17847871;18984138;20490772;21209667;21340065;21583851
IDA total;IDA;85090;86886;94106;100791;111666;126517;133911;139121;157087;165394;186872;210329;217154;242086;270259;250531;269271;269511;274573;327866;340334;349459;353094;358378;385284;401062;409668;416139;454823;416202;413149;424037;447583;446753;433158;430902;458589;459845;477906;493208;536792;556867;570470;605410;632966;636860;658698;697554;710403;679978;719247;754721;761614;786377;791455
IDA blend;IDB;45870;48702;53480;60769;66943;77369;82274;83889;81617;92271;113431;134027;143924;164494;193493;168173;186625;179376;181366;226231;236503;239317;243357;241897;260906;274816;283982;273730;306609;268611;264551;270715;293570;294960;282065;274321;293493;290852;300804;309191;347979;359667;377056;387408;403132;403344;410539;425475;427279;393707;411126;436098;445317;452614;438243
Indonesia;IDN;21404;26025;22996;22783;22394;24690;23395;24562;27587;33392;35823;38988;43340;49134;51261;53964;61811;82434;93934;95096;94785;100160;105408;104957;112185;121246;121741;123373;132162;130967;149566;179731;202576;218601;221413;224941;253291;278659;214200;241989;263419;294907;306737;316792;337635;341992;345120;375545;416560;446410;428760;603665;637079;490227;464176
IDA only;IDX;35696;35173;37595;37881;42229;46790;49258;52275;68118;67324;69699;74036;72590;78280;80947;82357;84679;89602;92186;103761;106617;111781;111930;116940;125165;128183;128796;140464;148663;143858;144169;148490;151686;149412;148902;154550;162898;166871;174929;181805;186135;194453;190397;215106;226853;230570;245272;269245;280383;284015;305862;316140;313666;331187;350958
Isle of Man;IMN;0;0;0;0;0;0;0;0;0;0;0;0;0;0;0;0;0;0;0;0;0;0;0;0;0;0;0;0;0;0;0;0;0;0;0;0;0;0;0;0;0;0;0;0;0;0;0;0;0;0;0;0;0;0;0
India;IND;120582;130402;143468;154084;150648;165972;171766;172239;187336;190724;195143;205869;217849;224343;231993;252202;263786;279051;283096;296891;314016;338838;349637;378669;388119;426674;457572;488481;527564;579008;619155;658190;699088;723697;764731;811562;882324;917685;936222;995767;1031853;1041153;1054259;1099598;1154320;1222563;1303718;1407607;1568380;1738646;1719691;1841776;2018504;2034752;2238377
Not classified;INX;0;0;0;0;0;0;0;0;0;0;0;0;0;0;0;0;0;0;0;0;0;0;0;0;0;0;0;0;0;0;0;0;0;0;0;0;0;0;0;0;0;0;0;0;0;0;0;0;0;0;0;0;0;0;0
Ireland;IRL;11181;12365;13121;13462;14232;13733;15112;16413;17822;18515;19413;22497;22053;22860;23304;22053;22295;23568;23571;27389;26256;26039;25548;25709;25530;26725;28526;30198;29842;30018;31217;31401;31034;31261;32673;32970;34906;36417;38555;40154;41228;44030;43414;42688;43762;43538;43161;44638;42999;40315;40055;35632;35592;34855;34066
Iran, Islamic Rep.;IRN;37392;36542;37462;41342;47561;53766;64161;67942;82405;83116;91873;101723;106116;129595;143911;139350;156643;163970;162470;164029;120901;112900;138008;149786;150659;160769;148400;159573;176115;191205;210464;227402;228469;237215;265230;272942;276059;269293;308508;382340;372237;398438;401760;418438;447037;468808;509339;519324;541583;554278;573031;589056;611758;619778;649481
Iraq;IRQ;8265;8720;9032;9395;9076;19314;27704;18394;19717;22625;23909;28863;29552;30645;30942;33157;48800;43711;42317;52992;45559;32123;30623;38749;40205;44675;47752;52882;67928;73252;47693;45643;59112;63362;71334;74348;69501;68309;72372;72284;72445;85342;87260;91118;114084;113523;98771;62156;93149;104546;112196;134385;152723;165506;168444
Iceland;ISL;1214;1093;1199;1305;1309;1397;1496;1445;1595;1265;1390;1474;1485;1753;1742;1617;1705;1907;1925;1988;1867;1753;1599;1547;1815;1628;1786;1852;1848;1903;1999;1767;1819;1977;2010;1947;2211;2105;2101;2068;2164;2101;2171;2167;2244;2230;2299;2310;2120;2054;1962;1881;1800;1900;1984
Israel;ISR;6469;7070;7943;8210;9149;12945;13597;13542;13810;14818;16579;16248;16934;19310;19446;19648;19611;19893;21177;21019;21148;21214;24081;23938;23744;24870;26626;27385;30051;31756;36296;36754;42790;45075;48401;51100;53098;55881;57095;55694;60260;63597;59812;62889;59020;56952;62471;63072;68265;64470;68881;69130;75529;67069;64602
Italy;ITA;109357;124550;146456;164780;175957;189767;214248;234428;249495;270009;296741;311589;328970;354320;359406;342311;367312;356176;373235;387466;388970;378020;369681;361365;367650;372134;366454;383671;389780;408907;417550;423894;420535;411918;407378;430484;425830;430487;440154;441998;450564;450348;452610;468349;473971;473384;469347;462676;447187;401592;405361;397994;369469;345318;320411
Jamaica;JAM;1470;2131;2120;2398;4067;2992;3520;3869;3883;4272;4994;5754;6289;8298;7602;8188;7283;7448;9120;8537;8452;7415;6219;6450;5145;5046;4551;5383;4529;6729;7532;7756;7715;8005;8196;9179;9703;10132;9718;9978;10308;10616;10242;10667;10671;10499;11496;9652;10209;7741;7297;7858;7462;8093;7422
Jordan;JOR;744;979;1049;1221;1243;1423;1584;1415;1507;1760;1558;1657;1918;2204;2230;2494;2952;3165;3641;3795;4727;5864;6293;7363;8353;8540;9281;9663;9314;9234;10403;9798;12266;12101;13634;13557;14188;14419;14543;14569;15508;16003;16887;17470;19241;21060;21122;22035;21349;21892;21181;21668;24444;24389;26450
Japan;JPN;232781;283118;293221;325223;359318;386920;419743;489882;562565;653958;768823;797543;853373;915749;915874;870073;908903;935213;903886;955620;947571;929607;900201;883839;940131;915397;915335;905734;989082;1025550;1096180;1099381;1123847;1109887;1173315;1183447;1204690;1200788;1157830;1196516;1220528;1203377;1220048;1242094;1266010;1239255;1231496;1252229;1210136;1103870;1171625;1191075;1230168;1246516;1214048
Kazakhstan;KAZ;0;0;0;0;0;0;0;0;0;0;0;0;0;0;0;0;0;0;0;0;0;0;0;0;0;0;0;0;0;0;0;0;262044;217622;199984;169166;141535;129460;127322;116493;118099;131851;133735;142210;173053;177329;192631;222349;232807;213339;248549;259059;242972;262847;248315
Kenya;KEN;2428;2402;2626;2857;2827;2468;2684;2703;2820;3132;3084;3685;3872;3920;4950;4976;4609;5057;5324;5038;6197;6527;4694;4661;4320;3770;4162;5174;4789;5192;5823;4840;5541;6348;6557;7554;9329;8265;10037;10172;10418;9369;7968;6755;7624;8562;9575;9831;10242;12350;12174;13458;12515;13333;14287
Kyrgyz Republic;KGZ;0;0;0;0;0;0;0;0;0;0;0;0;0;0;0;0;0;0;0;0;0;0;0;0;0;0;0;0;0;0;0;0;11217;8621;6227;4529;5695;5611;5955;4672;4635;3894;4958;5438;5875;5592;5508;6630;7660;6791;6384;7657;10132;9842;9608
Cambodia;KHM;235;286;308;389;341;403;469;418;491;1346;1173;249;117;128;73;73;73;73;51;29;286;301;337;367;411;418;433;436;451;451;1261;1305;1349;1386;1478;1551;1617;1540;1951;1896;1977;2252;2208;2380;2446;2776;3000;3465;3898;4653;5013;5207;5456;5603;6685
Kiribati;KIR;0;7;11;18;18;11;11;22;33;11;22;29;26;37;33;33;33;22;22;26;29;29;26;22;22;22;18;22;22;22;22;22;26;29;29;29;33;26;29;29;29;26;40;40;44;62;70;51;55;40;62;62;62;62;62
St. Kitts and Nevis;KNA;11;22;15;18;18;22;22;22;33;26;26;29;29;29;37;33;37;37;33;37;51;55;66;51;51;51;59;55;66;66;106;106;110;114;121;128;132;143;150;161;172;176;198;198;213;198;202;216;216;224;220;231;220;224;231
Korea, Rep.;KOR;12552;14463;17279;21104;22218;25005;30014;35152;37242;42523;53784;58617;60337;73094;75687;81829;93307;105712;113406;133211;134869;139742;141906;150904;163911;178334;182452;192661;221960;235847;246943;261483;284281;321952;344038;374771;403781;430033;364833;399864;447561;450194;465632;466215;482277;462922;470656;495676;507590;508862;566717;589401;583966;592499;587156
Kuwait;KWT;7803;9982;14290;17026;25335;35420;35152;25442;22442;26831;25042;27139;27635;24243;19329;16828;18474;17220;21001;17668;24675;25214;21170;21610;28368;29160;35321;31470;32915;35885;51001;10191;21085;33274;38907;54822;50154;54921;51745;54022;53560;57642;58228;59922;63534;71547;73769;75236;82731;87304;89625;91030;102335;98345;95408
Latin America & Caribbean (excluding high income);LAC;265861;269315;282058;287383;309799;318904;337382;363011;387580;419769;459449;481081;505998;555250;591934;605730;631542;660515;719821;770231;811133;808482;834734;802387;805915;828302;864481;908778;927454;978583;937967;957842;974289;1011355;1048425;1055586;1098780;1158130;1232875;1248489;1242860;1277451;1290131;1320105;1322639;1391439;1428238;1446565;1525050;1494372;1573455;1601331;1678690;1703875;1742848
Lao PDR;LAO;81;114;132;147;172;180;235;319;169;319;572;422;488;517;293;253;224;231;231;224;187;150;158;180;183;202;209;209;209;235;213;235;257;257;275;348;477;609;686;928;939;873;1151;1100;1393;1404;1551;909;946;1258;1639;1624;1698;1577;1955
Lebanon;LBN;2582;2684;2857;3029;3267;3319;3630;3572;3700;4353;3949;5339;5728;7173;7231;6432;6128;5574;5713;6157;6179;6351;6113;7319;7052;8056;7759;7968;7660;8053;8214;8478;10359;11683;12702;13579;13759;15647;16648;16490;15247;16171;16003;18181;16799;16208;14459;13462;17228;20873;20047;20444;22633;22581;24070
Liberia;LBR;165;161;253;356;484;557;612;612;884;1272;1452;1525;1507;1481;1723;1485;1478;1474;1507;1947;2043;1940;601;711;700;722;730;766;818;667;473;279;282;315;312;326;337;348;374;392;422;491;488;521;616;726;748;667;565;517;792;891;1027;957;935
Libya;LBY;693;1195;1049;1463;664;1016;2629;18507;30139;35552;32332;21646;15233;14587;9347;11580;17917;20106;21239;26032;26905;28812;30762;30414;28625;31419;34059;32567;36399;37323;36780;42864;37260;38947;44132;46021;44158;44976;45474;44620;47114;48100;47832;49167;50359;52108;53271;49959;56013;57979;61961;39703;52684;56266;56996
St. Lucia;LCA;15;18;18;22;22;26;29;33;37;62;66;70;77;81;73;77;84;70;99;150;114;95;114;103;114;128;132;147;165;165;161;169;202;224;260;312;326;308;308;319;330;363;326;359;356;367;367;385;396;385;403;407;407;407;407
Latin America & Caribbean;LCN;291253;297790;315874;316109;342186;354400;372973;400427;427249;462309;510026;537867;564421;616084;651795;663905;695391;727231;783436;838732;881401;872564;895503;859240;865059;890060;923999;970270;993454;1051773;1012611;1031335;1051597;1089708;1129595;1140823;1196089;1262084;1340748;1365148;1357198;1389064;1405749;1440172;1449767;1526838;1572706;1600705;1681714;1645895;1732851;1768916;1847427;1874742;1912532
Least developed countries: UN classification;LDC;24706;24028;26898;25976;28829;32791;33794;35542;47767;46539;48134;49411;49715;54254;53969;52463;50628;52505;55356;59283;61965;61741;62242;64207;66477;69536;70122;73613;77347;77043;76692;75941;78089;76934;77984;94290;97482;99839;97396;105309;111007;119938;127485;132862;153924;159268;172701;182102;192745;208493;228634;242208;247899;268635;293489
Low income;LIC;0;0;0;0;0;0;0;0;0;0;0;0;0;0;0;0;0;0;0;0;0;0;0;0;0;0;0;0;0;0;0;0;0;0;0;0;0;0;107992;117357;120786;124685;121877;125726;128145;135519;138708;128984;138906;140562;148333;141420;142855;142617;158685
Liechtenstein;LIE;0;0;0;0;0;0;0;0;0;0;0;0;0;0;0;0;0;0;0;0;0;0;0;0;0;0;0;0;0;0;0;0;0;0;0;0;0;0;0;0;0;0;0;0;0;0;0;62;62;51;55;48;48;51;44
Sri Lanka;LKA;2259;2336;2563;2534;2274;2659;2662;2948;3242;4320;3597;3198;3542;3689;2934;2897;2805;2919;3451;3828;3410;4034;4499;4884;3883;3957;3704;4074;3491;3484;3869;4177;5185;5042;5526;5904;7063;7616;7825;8617;10238;10444;11056;11078;12299;12101;11976;12354;12207;13176;13264;15137;16032;15489;18394
Lower middle income;LMC;359582;387331;418510;450372;468143;513809;540784;548269;605921;630643;669457;714349;753913;807091;847161;880214;926223;999514;1038868;1129845;1170788;1238978;1283584;1339255;1393527;1487439;1566647;1635588;1752560;1785822;1902578;2038146;2184298;2142973;2076292;2154231;2261738;2282381;2260643;2369340;2493961;2547505;2600388;2749322;2881158;2978457;3093067;3280819;3513329;3652073;3712312;4046810;4285290;4146929;4306184
Low & middle income;LMY;2397118;2089133;1998925;2061471;2165258;2348160;2536581;2497979;2736670;3038886;3485264;3804429;4012023;4297628;4448838;4784813;5078917;5417971;5851140;6107730;6141063;6180026;6547011;6791541;7132918;7573210;7910770;8346234;8821620;9076102;9067019;9434235;9780598;9840118;9763856;10123646;10409941;10399736;10289922;10484986;10757505;10990918;11439117;12514620;13504625;14401754;15348935;16108792;17127969;17532043;18647134;20125208;20861109;20972747;21239345
Lesotho;LSO;0;0;0;0;0;0;0;0;0;0;0;0;0;0;0;0;0;0;0;0;0;0;0;0;0;0;0;0;0;0;1474;1529;1588;1635;1676;1709;1738;1771;1804;1826;1852;1878;1907;1933;1984;2013;2039;2076;2127;2219;2277;2332;2406;2435;2468
Late-demographic dividend;LTE;1973603;1625552;1497660;1540508;1603896;1712471;1845384;1727220;1866916;2163813;2566678;2828722;3003164;3163330;3222899;3568274;3751724;4012792;4371261;4488436;4489834;4335025;4554330;4729018;5007732;5345543;5594126;5904979;6181225;6283791;6238091;6385376;6645670;6687561;6617842;6871639;7022949;6959551;6766257;6778057;6962177;7115865;7484432;8337050;9142116;9903662;10691241;11267321;11958613;12211433;13264210;14391661;14812782;15053459;15089661
Lithuania;LTU;0;0;0;0;0;0;0;0;0;0;0;0;0;0;0;0;0;0;0;0;0;0;0;0;0;0;0;0;0;0;0;0;22149;17495;17360;16204;15731;15339;16197;13693;12163;12886;13143;12823;13245;13902;14158;15167;15009;12519;13469;13788;13832;12640;12838
Luxembourg;LUX;11518;11591;11551;11448;12306;12204;11621;11360;12270;13194;13748;13201;13495;14169;14411;11844;11841;10928;11848;12123;11027;9428;8859;8291;8929;9168;9010;8669;8929;9659;10004;10616;10572;10788;10191;8317;8438;7939;7356;7686;8240;8801;9417;9905;11269;11547;11349;11019;10939;10392;10968;10939;10664;10051;9659
Latvia;LVA;0;0;0;0;0;0;0;0;0;0;0;0;0;0;0;0;0;0;0;0;0;0;0;0;0;0;0;0;0;0;0;0;14144;12017;10913;9443;9149;8456;8064;6780;6351;6986;6912;7371;7404;7506;8012;8317;7902;7231;8075;7294;7063;7081;6975
Macao SAR, China;MAC;51;70;95;106;128;132;150;165;169;169;205;227;231;224;268;297;253;308;414;414;528;535;484;682;605;733;876;972;964;1030;1034;1093;1082;1181;1272;1232;1408;1489;1558;1518;1632;1687;1518;1533;1716;1830;1621;1536;1338;2072;1408;1448;1313;1181;1283
St. Martin (French part);MAF;0;0;0;0;0;0;0;0;0;0;0;0;0;0;0;0;0;0;0;0;0;0;0;0;0;0;0;0;0;0;0;0;0;0;0;0;0;0;0;0;0;0;0;0;0;0;0;0;0;0;0;0;0;0;0
Morocco;MAR;3641;3777;3080;3960;4422;4261;5467;5416;5629;5827;7294;8203;8049;9641;11137;11111;11547;12702;13077;15959;15944;15856;17059;17796;17814;17866;18881;20117;21177;22919;23542;24976;26039;28218;29640;30374;31195;31863;32039;33153;33905;37715;38254;37561;43311;45771;47425;50267;52900;52482;55958;57686;62731;59083;59864
Monaco;MCO;0;0;0;0;0;0;0;0;0;0;0;0;0;0;0;0;0;0;0;0;0;0;0;0;0;0;0;0;0;0;0;0;0;0;0;0;0;0;0;0;0;0;0;0;0;0;0;0;0;0;0;0;0;0;0
Moldova;MDA;0;0;0;0;0;0;0;0;0;0;0;0;0;0;0;0;0;0;0;0;0;0;0;0;0;0;0;0;0;0;0;0;20972;15629;12090;11192;11522;7099;6271;4503;3513;3715;3986;4290;4554;4895;4994;4679;4778;4551;4932;5038;4925;4998;4932
Madagascar;MDG;400;356;396;462;484;557;579;843;913;851;972;1027;1287;1074;1188;1694;994;847;1019;1133;1617;1027;1016;653;869;1056;1140;1287;1291;931;950;1034;1005;1030;1269;1265;1364;1650;1738;1918;1874;1742;1236;1701;1808;1742;1683;1815;1889;1771;1958;2340;2706;3117;3077
Maldives;MDV;0;0;0;0;0;0;0;0;0;0;0;4;4;4;4;7;11;15;22;29;44;48;48;51;59;66;81;81;95;125;172;154;231;198;198;249;290;330;301;422;451;462;594;506;667;601;759;781;843;884;935;986;1111;1093;1335
Middle East & North Africa;MEA;102253;107498;118398;135940;158238;188222;214212;228041;272067;306982;324061;363833;390545;461977;468360;462032;545551;574567;605685;637210;646347;627867;634635;677289;725248;767990;819049;830538;887319;916881;913727;999942;1062834;1158095;1211916;1186766;1187236;1153543;1267748;1353490;1473034;1496924;1515868;1615889;1747454;1833500;1941948;1928296;2086820;2184058;2271079;2297742;2468881;2445354;2593274
Mexico;MEX;63116;65306;63809;66362;74279;75247;80931;90102;93989;102287;114073;126339;132459;144293;155008;164472;184138;192848;222649;240874;268454;284530;304838;278443;277625;288501;294559;307357;307067;361878;318428;331959;334698;339469;352780;332817;346418;369769;389087;391592;398383;412978;414389;440209;441309;466362;479251;480520;493252;475951;464308;484429;496325;490340;480271
Marshall Islands;MHL;0;0;0;0;0;0;0;0;0;0;0;0;0;0;0;0;0;0;0;0;0;0;0;0;0;0;0;0;0;0;48;51;55;62;66;66;66;66;70;66;77;81;84;84;88;84;92;99;99;103;103;103;103;103;103
Middle income;MIC;2364024;2057448;1968276;2030026;2131647;2309541;2494514;2457471;2689655;2985869;3426899;3740420;3949278;4229319;4380389;4715276;5006536;5345469;5775130;6026644;6058226;6099178;6468561;6707644;7047578;7485467;7817751;8246242;8717444;8968963;8963950;9329913;9674813;9733927;9658012;10015292;10298126;10288881;10180347;10366270;10635338;10864866;11315542;12386772;13373927;14263474;15207084;15975871;16984945;17387204;18494208;19978113;20712228;20824042;21074908
Macedonia, FYR;MKD;0;0;0;0;0;0;0;0;0;0;0;0;0;0;0;0;0;0;0;0;0;0;0;0;0;0;0;0;0;0;0;0;10777;10341;10469;10840;11742;10634;12625;11723;12064;11998;10935;11309;11192;11280;10939;9494;9402;8698;8603;9399;8966;7847;7510
Mali;MLI;121;117;139;176;176;198;191;224;198;161;202;227;246;268;304;341;341;414;396;429;392;396;367;418;436;407;381;359;385;418;422;436;444;455;462;469;488;524;763;796;821;829;847;843;876;898;942;1008;1071;807;964;1045;994;1027;1412
Malta;MLT;341;293;330;411;499;473;414;521;638;653;664;660;840;807;744;667;763;803;935;906;1023;1144;1313;997;1364;1199;1485;1856;2013;2171;2160;2057;2024;2651;2420;2123;2241;2519;2145;2347;2065;2486;2299;2582;2574;2699;2574;2725;2560;2398;2560;2541;2681;2340;2347
Myanmar;MMR;2717;2593;2882;2637;2860;2728;2809;3619;2930;3216;4617;5104;4899;4111;4675;4587;4899;5174;5156;5101;5526;5640;5600;5776;6571;6711;6791;4976;4118;4463;4276;4180;4888;5343;6245;6960;7257;7499;8078;8969;10088;8724;9208;9846;12435;11599;12849;12875;9802;10231;12515;14298;11071;12860;21632
Middle East & North Africa (excluding high income);MNA;84204;84641;87778;95989;108310;127602;151663;154291;196499;200179;210849;224505;234778;271740;280491;286515;340215;353784;376532;392657;366141;340516;365165;407315;440057;458913;469300;499026;536733;552704;550862;584790;603451;638431;680739;710403;718901;712036;800220;866457;872383;898961;902342;966001;1024809;1088454;1124610;1130037;1208416;1254418;1281517;1306607;1367149;1388132;1418045
Montenegro;MNE;0;0;0;0;0;0;0;0;0;0;0;0;0;0;0;0;0;0;0;0;0;0;0;0;0;0;0;0;0;0;0;0;0;0;0;0;0;0;0;0;0;0;0;0;0;2057;2384;2252;2750;1826;2582;2571;2336;2248;2211
Mongolia;MNG;1294;1393;1973;1602;2046;1958;1955;2153;2483;2684;2849;3036;3282;3480;3751;4067;4404;4972;5783;6300;6879;6645;6762;6997;6450;9028;9674;10587;11595;10568;9989;12160;11019;9285;7946;7921;8042;7708;7708;7554;7506;7884;8287;8034;8551;8562;9395;12064;12039;13102;13821;21500;26226;38753;20840
Northern Mariana Islands;MNP;0;0;0;0;0;0;0;0;0;0;0;0;0;0;0;0;0;0;0;0;0;0;0;0;0;0;0;0;0;0;0;0;0;0;0;0;0;0;0;0;0;0;0;0;0;0;0;0;0;0;0;0;0;0;0
Mozambique;MOZ;1885;2633;1988;1661;2142;2006;2127;1874;2780;3242;2985;3616;3300;3564;3150;2886;2560;2714;2875;2644;3209;2490;2541;1977;1536;1148;983;983;1012;1041;1023;1023;1005;1078;1063;1115;1041;1126;1133;1188;1349;1580;1588;1918;1922;1822;1980;2263;2266;2530;2736;3223;3121;4019;8427
Mauritania;MRT;37;48;62;88;117;161;180;198;235;275;429;400;447;469;484;510;517;557;583;605;631;664;884;939;873;656;374;3286;3231;2849;906;920;968;983;1144;1074;1115;1118;1122;1148;1173;1272;1349;1390;1536;1588;1610;1845;1936;2123;2237;2395;2655;2670;2710
Mauritius;MUS;180;187;253;209;308;304;275;499;638;572;499;396;689;678;693;590;620;642;631;660;590;543;502;598;627;708;799;931;854;1052;1463;1522;1709;1775;1624;1830;1951;1999;2171;2428;2692;2864;2886;3062;3091;3297;3630;3689;3770;3711;3916;3920;3968;4070;4228
Malawi;MWI;0;0;0;0;330;348;429;367;389;381;455;502;546;572;550;579;583;638;671;638;711;605;594;576;557;557;554;546;543;565;748;796;796;891;917;920;913;964;935;942;869;865;851;917;931;876;913;887;1056;946;1144;1181;1096;1225;1276
Malaysia;MYS;0;0;0;0;0;0;0;0;0;0;14602;16678;17913;17514;19050;19446;23894;22611;23238;27279;27998;30825;30572;37972;34697;36237;39985;40762;42724;49882;56593;68591;75298;91723;94011;121132;125375;124821;114187;107934;125734;135620;133743;158257;163827;174487;167703;184817;204032;198876;218476;220405;218707;236510;242821
North America;NAC;3083749;3074864;3194551;3330490;3493998;3643256;3821399;3977819;4135118;4332348;4670618;4709609;4946343;5152241;4988902;4803931;5012888;5150899;5307183;5344326;5166880;4966192;4721956;4751017;4901232;4915085;4900938;5120294;5349225;5419137;5259087;5248166;5350974;5474794;5551735;5601089;5732060;5864534;5908065;6020572;6228583;6124249;6161202;6229364;6308857;6347727;6241758;6344115;6175789;5800747;5930811;5827237;5637371;5676780;5792049
Namibia;NAM;0;0;0;0;0;0;0;0;0;0;0;0;0;0;0;0;0;0;0;0;0;0;0;0;0;0;0;0;0;0;40;1056;1151;1390;1584;1632;1749;1797;1907;1665;1643;2017;1760;1874;1962;2310;2332;2362;3326;3069;3102;2831;3385;2629;3755
New Caledonia;NCL;862;887;565;620;1100;1232;1511;1474;1841;1558;2395;2420;1705;2600;2783;2530;2391;2142;1544;1643;2002;1393;1265;1155;1206;1456;1404;1459;1507;1646;1584;1767;1584;1837;1980;2076;2197;1830;1811;2057;2233;1889;2406;2739;2530;2824;2721;2945;2868;2974;3542;3649;3630;4243;4290
Niger;NER;29;55;66;88;95;92;136;132;161;191;216;231;253;330;290;334;334;367;418;480;572;686;748;964;994;997;902;1001;990;1041;733;722;700;781;774;810;902;909;957;953;697;656;700;759;814;715;693;722;810;968;1173;1327;1867;1940;2127
Nigeria;NGA;3407;4114;4180;5350;7275;11764;12908;12838;6634;12112;21540;32281;41426;49578;62291;47396;55247;50568;48294;70289;68155;65958;65603;59930;69625;69893;73505;59343;70747;42442;39197;42273;46615;45137;35200;35841;39666;42328;37869;40286;76057;85734;93677;101616;104304;106068;98892;95056;96149;76736;91517;95694;98503;98136;96281
Nicaragua;NIC;532;561;660;843;950;781;961;1082;1232;1287;1404;1507;1606;1830;1951;1929;2226;2838;2633;1712;2028;2142;2116;2002;1852;1991;2263;2439;2248;1478;2549;2006;2395;2303;2541;2780;2875;3143;3421;3627;3762;3964;4037;4411;4426;4320;4466;4606;4422;4496;4536;4881;4620;4551;4862
Netherlands;NLD;73505;75889;83358;91228;96867;100498;103655;106783;113552;115910;141935;140875;157795;165646;160446;153020;169683;164278;170549;187813;177508;164956;134322;138257;145056;147949;145096;152569;146915;163101;158403;165154;162224;164802;165323;178634;185847;178312;178440;173665;173504;176793;181663;182206;184835;181480;179639;176691;177021;172371;183053;174168;170310;173255;167303
Norway;NOR;13102;13352;14078;14983;16190;16410;19563;19329;21140;22222;28012;27198;29428;30524;27697;29673;29318;31070;34792;34242;38052;40330;41052;37499;40458;40715;47077;40707;42482;49380;31511;32075;32009;35148;33905;33439;33366;36102;37777;40682;39673;41910;38023;45221;42647;42438;44257;45089;55691;55346;60106;45196;49890;58162;47627
Nepal;NPL;81;81;88;99;150;180;191;213;253;400;227;198;268;422;425;352;282;337;330;513;543;455;444;495;704;678;704;873;994;913;634;961;1331;1467;1698;2035;2486;2783;2252;3220;3069;3267;2626;2842;2670;3084;2563;2615;3421;4334;5057;5534;5856;6637;8031
Nauru;NRU;0;0;0;0;29;33;33;48;48;66;66;88;77;84;99;103;103;114;114;114;125;125;125;125;125;125;161;158;158;158;125;125;121;114;110;106;103;103;99;92;84;81;77;66;66;62;44;44;44;40;44;40;40;44;48
New Zealand;NZL;11544;11767;11210;12229;13106;13700;14015;13641;13487;14272;14195;15060;16197;18203;18757;18262;19237;20301;18009;16476;17459;16527;18240;17965;19296;21804;22893;24111;25398;25405;23546;24085;25082;26688;26681;27132;28643;31023;30029;32640;32981;34448;33201;34081;34554;34140;33447;33637;34202;32387;31782;31503;34151;33458;34664
OECD members;OED;5736533;5854901;6115154;6454151;6778392;7067273;7386328;7705931;8114723;8608640;9341699;9515258;9978621;10479048;10249190;9938825;10454734;10668514;10952355;11241660;10991085;10581808;10230585;10166343;10427789;10540051;10539982;10874997;11228172;11563579;11290947;11379066;11457068;11569653;11716501;11863123;12215580;12348039;12338212;12483385;12810349;12760005;12825006;13024847;13171497;13190841;13170907;13281309;13047993;12257428;12638033;12458577;12271458;12259206;12138272
Oman;OMN;0;0;0;0;11;26;29;136;161;235;235;2094;2090;2112;2336;7257;8328;8507;7796;7723;6047;6018;5735;7532;8060;8661;9875;9465;10587;10066;11386;11771;12079;13458;15306;15896;15104;15486;16560;20708;21896;20286;25471;32391;27987;29893;39604;43696;42706;41103;47418;54030;59160;61378;61169
Other small states;OSS;5773;7197;7345;15649;16936;16925;16883;19322;22509;21756;36606;39987;47424;57391;51123;50534;51476;54513;62959;65722;62754;55013;57291;52097;55944;58823;60244;60470;66243;73248;70917;78745;91955;96759;95278;95540;98934;107575;103018;99467;105261;111599;113931;120103;122642;132891;144957;159648;165520;161638;172425;182508;192911;188303;216361
Pakistan;PAK;14155;14657;16105;18515;19035;19974;20326;21573;24738;23993;24338;23076;18929;20036;21419;23219;22838;24389;26138;28251;32068;34400;37385;40304;42856;47176;49453;53535;58214;60957;68566;68243;72790;78008;84840;84484;94447;94711;97663;100384;106449;108283;114084;118895;131601;136636;146075;158895;159071;158836;161396;161957;163497;164326;166298
Panama;PAN;997;1104;1192;1184;1243;1529;1657;1698;2021;2054;2204;2604;2802;3242;3022;3663;3612;3462;2842;3194;3124;3341;3293;3495;2882;2629;2754;3201;2930;2523;2769;3245;4246;3942;4338;2985;4624;5647;5948;5669;5790;7008;5871;6153;5805;6839;7371;7198;7374;8599;9164;10099;10114;10719;8801
Peru;PER;8174;8643;9971;10235;12266;11965;13256;13656;14503;15302;17785;18614;18174;19758;21360;21965;22442;23340;22460;22273;24122;24103;23670;20451;20693;19512;21848;25783;25108;21841;21071;20293;20425;23615;23289;23883;24389;27477;27807;29358;30297;27165;27187;26380;31896;37136;34877;42955;41015;51705;57594;49633;55071;57154;61745
Philippines;PHL;8335;8724;10348;11485;12838;13982;16124;18232;22251;22860;24782;27587;26443;31544;30531;32526;35130;36754;37477;38137;37000;34664;34998;35416;30993;28049;29208;32684;37730;39142;41763;43931;48753;49482;54800;60711;62163;71158;69240;69160;73307;71052;71338;71426;74066;74832;67693;72170;78859;77568;84869;85496;91206;98129;105654
Palau;PLW;15;51;51;55;59;66;66;73;77;132;136;165;172;176;194;194;114;183;110;125;158;158;158;158;158;161;161;161;183;227;235;235;235;235;235;235;235;238;238;242;249;253;249;253;253;260;264;260;253;246;253;253;253;257;260
Papua New Guinea;PNG;180;202;198;257;268;304;341;436;502;557;693;825;1269;1346;1588;1533;1573;1580;1676;1797;1830;1933;1947;2010;2046;2127;2065;2336;2200;2035;2142;2065;2054;1995;2182;2061;2189;2578;2864;2446;2666;3209;3487;3946;4488;4386;4309;6120;4796;5093;4763;5328;5079;6186;6318
Poland;POL;199767;207435;216815;231219;243115;247222;252678;259283;276074;293653;304442;313246;329953;336128;346876;375559;399036;419024;432057;442490;464576;410062;422211;422339;433894;445900;453370;465353;445977;423788;368423;361643;354746;353253;333972;344214;355754;349524;325432;315721;299290;301284;294834;302252;304416;302539;318941;314273;314849;297617;316264;316997;299931;302278;285740
Pre-demographic dividend;PRE;29464;31430;32783;35303;38604;56631;67717;59431;57285;71231;84776;104026;115994;128501;143433;129682;149926;141116;140798;176486;171549;154105;152281;154534;165172;171870;172281;169691;199754;180594;139561;137288;157099;162107;159289;174581;177209;174150;172355;177202;215638;243335;259244;270325;312801;316761;301493;270682;308258;309610;344894;383662;410193;432265;445746
Puerto Rico;PRI;0;0;0;0;0;0;0;0;0;0;0;0;0;0;0;0;0;0;0;0;0;0;0;0;0;0;0;0;0;0;0;0;0;0;0;0;0;0;0;0;0;0;0;0;0;0;0;0;0;0;0;0;0;0;0
Korea, Dem. People’s Rep.;PRK;0;0;0;0;0;0;0;0;0;0;0;0;0;0;0;0;0;0;0;0;0;0;0;0;0;0;0;0;0;0;0;0;0;0;0;0;0;0;59119;64532;69662;72225;69226;70751;72357;75573;76901;64228;71132;70678;66453;48034;49057;36010;40528
Portugal;PRT;8225;9090;9303;10026;11023;11599;11852;12409;13011;14613;15258;16406;18350;20003;20715;21357;22424;22728;22743;25031;26985;27227;29255;30179;29065;27407;30520;31536;32926;41210;42321;43993;48280;46927;47660;51870;50586;53072;57818;64426;62731;62757;66791;61217;63146;65280;59816;60150;55625;54176;48137;47623;46014;45427;45053
Paraguay;PRY;304;363;392;411;433;550;513;488;590;521;744;634;715;869;953;840;1034;1159;1459;1331;1492;1390;1368;1415;1496;1551;1665;1892;2164;2244;2164;2134;2530;2868;3432;3964;3751;4195;4503;4503;3689;3821;3898;4070;4089;3832;3986;4136;4452;4562;5097;5321;5284;5434;5702
West Bank and Gaza;PSE;0;0;0;0;0;0;0;0;0;0;0;0;0;0;0;0;0;0;0;0;0;0;0;0;0;0;0;0;0;0;0;0;0;0;0;0;0;396;601;649;792;1349;1155;1280;1867;2743;2266;2325;2054;2090;2035;2248;2200;2439;0
Pacific island small states;PSS;326;350;435;456;714;625;629;722;766;839;968;1093;1133;1222;1298;1274;1008;1460;1343;1552;1552;1903;1625;1516;1371;1452;1452;1315;1456;1597;1746;1621;1676;1698;1705;1734;1800;1797;1775;1811;1889;2153;1988;2164;2439;2193;2321;2329;2057;2028;2428;2310;2281;2391;2479
Post-demographic dividend;PST;5834267;5949664;6219004;6564513;6894344;7196682;7519227;7851851;8267443;8774566;9532628;9685168;10157122;10666362;10399499;10031141;10530421;10721584;10994913;11268549;10933816;10538742;10135284;10096591;10355343;10437312;10412871;10725209;11126978;11431391;11223025;11286129;11367528;11382012;11409324;11522429;11794293;11825811;11802892;11958930;12261234;12212536;12271505;12445857;12572896;12556600;12473157;12543615;12306753;11529488;11921270;11678321;11474043;11463031;11313887
French Polynesia;PYF;37;59;48;66;66;84;121;139;154;161;194;227;216;209;216;213;264;275;312;282;293;330;337;422;458;587;605;609;572;543;436;433;414;425;440;429;433;451;447;495;568;678;708;770;763;821;825;818;843;847;858;832;814;821;803
Qatar;QAT;176;161;191;6139;6274;6293;6278;6689;7081;7173;7569;9153;10785;12468;10488;10957;10385;9927;10532;14360;13099;12860;12354;11269;12332;12405;13297;11500;11929;14327;11775;17704;26802;30722;30223;31789;32299;37495;32402;31408;34730;41397;40905;41521;42944;50957;63476;63278;64844;69222;72508;80436;94125;85023;107854
Romania;ROU;53450;55775;63879;69530;72115;78723;84183;92130;100190;111649;120113;125829;132423;144960;150945;162257;174766;178400;193904;196074;196617;198154;195774;200563;189272;194344;202147;212165;212778;214142;174087;140288;128646;125298;119141;126049;125408;112625;99830;89742;90681;96633;97238;101063;96904;96457;103351;102225;96365;81576;79413;84880;81723;70945;70003
Russian Federation;RUS;0;0;0;0;0;0;0;0;0;0;0;0;0;0;0;0;0;0;0;0;0;0;0;0;0;0;0;0;0;0;0;0;2078668;1938446;1698378;1631474;1612967;1526011;1495505;1531130;1557899;1557507;1557085;1604243;1602116;1615090;1669262;1666886;1714979;1574045;1670531;1763405;1830830;1778561;1705346
Rwanda;RWA;106;139;84;84;37;48;44;40;55;59;59;62;66;70;73;176;268;268;290;297;495;601;609;697;634;616;598;616;697;689;543;488;488;495;473;462;480;499;488;510;528;532;532;521;528;528;528;557;543;576;590;664;737;803;840
South Asia;SAS;139488;150116;165280;178495;175459;192550;198885;201136;219942;223581;228246;237639;245638;254691;263357;285678;297284;314922;321226;338424;359502;387716;402747;435192;447627;492357;526174;562133;606881;660779;710672;750290;797983;827349;877469;928543;1012118;1049679;1069734;1134852;1181100;1197268;1217814;1270164;1340520;1416188;1510676;1629299;1798062;1976770;1969230;2101778;2284079;2302942;2516435
Saudi Arabia;SAU;2677;3572;6256;6945;7048;4221;6414;25508;29105;35302;45291;59809;70344;95137;98789;83336;101550;118176;115133;138136;169404;175492;158092;161051;155715;172653;204879;190706;202554;203739;185803;267768;285535;313818;307962;235161;258751;216239;207681;226459;296935;297214;326407;327272;395834;397642;432739;387778;430176;468965;518492;499878;564843;541048;601047
Sudan;SDN;1360;1386;1485;1679;1859;2428;2644;3187;3106;4184;4855;4983;5379;5427;5684;4239;3755;3806;3440;3572;3748;3641;3828;3909;3506;4074;4250;3352;4848;3759;5222;4892;4378;3022;4147;4298;4433;5420;4697;5093;5534;6370;8119;9072;11463;10983;12013;14125;14914;15563;15940;15658;14642;15475;15365
Senegal;SEN;829;814;814;862;924;1694;1720;700;-81;491;1309;1353;1456;1551;1852;2582;1775;2244;2629;2901;3352;3297;3055;2633;3308;2677;2662;2453;2743;3696;3183;3425;3480;3594;3902;3495;3740;3264;3429;3700;3938;4331;4510;4976;5233;5812;4730;5181;5093;4584;7745;8368;7913;8423;8856
Singapore;SGP;1393;2094;2578;3399;3704;2530;675;3058;5420;7206;18210;16593;22240;21221;21969;24543;30036;28309;33164;36124;31434;26850;29750;34998;33403;33417;35027;32600;36105;41888;44495;45269;48426;51188;61683;42174;49699;58430;48617;50069;49006;49541;47231;31133;28474;30359;30799;19926;36135;55933;55643;45221;36373;55676;56373
Solomon Islands;SLB;11;15;15;15;18;26;26;33;37;37;40;48;55;66;66;59;62;81;62;110;103;136;121;143;143;150;154;161;158;161;147;147;143;143;139;143;143;143;143;150;150;158;158;161;161;161;165;180;187;194;198;198;198;202;202
Sierra Leone;SLE;715;290;326;370;304;282;301;253;385;1107;873;803;678;539;521;524;451;513;711;678;609;693;554;689;616;664;675;499;458;374;488;546;447;447;513;400;473;444;414;367;425;568;609;653;642;546;733;642;664;653;726;898;1030;1192;1309
El Salvador;SLV;620;583;649;1126;1232;1041;1305;1159;1261;1192;1430;1511;1679;1969;1973;2109;2211;2288;2391;2391;2134;1834;1767;1903;1606;1988;1991;2450;2472;2589;2512;3172;3319;3795;4595;5027;4569;5475;5812;5699;5743;5948;6040;6553;6366;6454;6846;6978;6546;6443;6458;6648;6663;6230;6285
San Marino;SMR;0;0;0;0;0;0;0;0;0;0;0;0;0;0;0;0;0;0;0;0;0;0;0;0;0;0;0;0;0;0;0;0;0;0;0;0;0;0;0;0;0;0;0;0;0;0;0;0;0;0;0;0;0;0;0
Somalia;SOM;84;88;106;103;136;132;139;227;154;161;216;187;235;264;330;502;480;799;557;488;814;275;719;935;715;858;924;994;1008;957;733;708;682;642;631;590;568;539;513;491;480;502;587;594;594;594;594;609;601;598;612;605;609;609;609
Serbia;SRB;0;0;0;0;0;0;0;0;0;0;0;0;0;0;0;0;0;0;0;0;0;0;0;0;0;0;0;0;0;0;0;0;0;0;0;0;0;0;0;0;0;0;0;0;0;0;54008;52456;52097;46182;45955;49218;44063;44884;37667
Sub-Saharan Africa (excluding high income);SSA;126081;131873;136498;143101;157077;174349;177897;184951;189016;205187;226231;260393;274531;291716;309624;300639;316216;318833;324200;365588;378404;404035;426376;433166;464797;476504;482534;475033;505709;481265;438682;453296;437313;458311;466542;500563;510859;532488;519281;523339;563953;572632;570495;625341;690043;662438;695256;720446;754278;743471;746170;757440;767114;783708;822326
South Sudan;SSD;0;0;0;0;0;0;0;0;0;0;0;0;0;0;0;0;0;0;0;0;0;0;0;0;0;0;0;0;0;0;0;0;0;0;0;0;0;0;0;0;0;0;0;0;0;0;0;0;0;0;0;0;1331;1448;1496
Sub-Saharan Africa;SSF;126087;131879;136504;143107;157083;174355;177903;184957;189022;205192;226258;260423;274573;291762;309677;300695;316295;318915;324275;365707;378497;404132;426458;433262;464893;476652;482697;475233;505905;481498;438830;453467;437484;458493;466742;500759;511092;532828;519714;523850;564527;573268;571035;625892;690782;663129;695991;721088;754972;743994;746612;757778;767552;784109;822819
Small states;SST;13048;18112;22146;22151;29575;31083;30843;36033;38926;39419;60611;69022;76366;91876;84854;86990;91595;99744;105203;108466;107499;92975;93472;84896;88492;95087;91135;92900;95533;105476;105734;113252;127584;131575;129808;130949;138600;145338;141771;142167;149710;159377;162638;172850;177437;191961;209687;225785;231059;225656;239773;249205;258155;255860;282558
Sao Tome and Principe;STP;11;11;11;7;11;11;11;11;15;15;15;11;11;15;18;18;29;29;33;33;40;44;48;55;51;55;51;51;48;48;48;48;48;48;48;48;48;48;48;48;48;51;59;66;73;77;84;84;84;92;99;103;114;114;114
Suriname;SUR;433;429;495;532;605;796;1096;1335;1452;1522;1610;1716;1745;2109;1602;2021;1999;1900;2395;2296;2373;2032;1874;1375;1555;1599;1760;1760;1878;1856;1771;2054;2068;2043;2046;2065;2087;2109;2109;2127;2197;2369;1566;1544;1562;1595;1745;1764;1944;2002;2402;1969;2259;1918;1991
Slovak Republic;SVK;0;0;0;0;0;0;0;0;0;0;0;0;0;0;0;0;0;0;0;0;0;0;0;0;0;0;0;0;0;0;0;0;44184;42882;40421;42115;41312;41048;40480;39241;35885;39358;39252;39494;38749;39358;39105;36780;37711;34037;36241;34525;32765;33091;30678
Slovenia;SVN;0;0;0;0;0;0;0;0;0;0;0;0;0;0;0;0;0;0;0;0;0;0;0;0;0;0;0;0;0;0;0;0;12479;13165;13341;14404;14954;15860;15192;15236;14397;15163;15420;15511;15746;15867;16245;16245;17356;15280;15335;15090;14782;14151;12812
Sweden;SWE;49222;48852;51327;55372;60432;62629;72592;69002;77685;86468;92379;84590;84781;87366;79889;80824;88309;85804;79534;84928;71760;69431;62291;58298;57334;62394;62038;59717;57444;55533;51947;51525;51026;51756;54895;55155;55911;52148;52977;51107;49350;51125;57425;54781;54521;51562;49571;48060;49123;43065;52024;51734;47048;44847;43421
Swaziland;SWZ;33;4;0;0;11;81;202;227;279;304;367;400;381;370;312;337;334;341;440;447;466;436;436;271;334;440;458;436;436;436;425;326;264;132;484;455;341;1203;1214;1239;1188;1144;1126;1041;1030;1019;1016;1063;1096;1045;1038;1049;1206;1089;1203
Sint Maarten (Dutch part);SXM;0;0;0;0;0;0;0;0;0;0;0;0;0;0;0;0;0;0;0;0;0;0;0;0;0;0;0;0;0;0;0;0;0;0;0;0;0;0;0;0;0;0;0;0;0;0;0;0;0;0;0;0;697;715;733
Seychelles;SYC;0;0;0;7;7;7;7;7;7;7;29;33;44;48;55;59;81;84;77;121;95;99;84;99;99;150;165;202;198;235;150;172;172;183;202;198;235;341;433;510;572;634;539;550;737;689;733;642;693;524;444;341;440;403;495
Syrian Arab Republic;SYR;3223;3066;3205;3612;4367;3678;4917;4609;5963;7242;6659;8885;7767;7895;9666;11184;13759;14664;15222;22548;20803;26637;24488;27961;33091;29651;31353;36226;36945;34565;37359;42530;42919;45665;46648;41664;42805;40960;50275;52372;51041;48778;39065;54275;51103;50627;53582;66468;67682;62332;61606;56908;44730;36439;30704
Turks and Caicos Islands;TCA;0;0;0;0;0;0;0;0;0;0;0;0;0;0;0;0;0;0;0;0;0;0;0;0;0;0;0;0;0;0;29;29;33;40;44;48;48;55;59;66;70;73;99;103;103;121;143;165;180;180;191;191;198;198;205
Chad;TCD;55;51;84;92;99;106;84;117;125;161;125;150;121;161;150;183;183;198;194;202;209;209;205;205;216;180;187;198;66;103;143;66;84;92;103;110;125;143;150;161;176;172;169;381;378;400;407;462;510;491;517;539;612;700;730
East Asia & Pacific (IDA & IBRD countries);TEA;840236;613892;502164;499241;506015;550367;607259;527371;576144;695342;901260;1014379;1075344;1127075;1143846;1309535;1371938;1513034;1681566;1723399;1700196;1689469;1823967;1924015;2073392;2241920;2353388;2509395;2692431;2744371;2822276;3000750;3169692;3406537;3613810;3938025;4140366;4197041;3957031;3984700;4127762;4270127;4667706;5417864;6174733;6864976;7498205;8058596;8656698;9156693;9973224;11124105;11466489;11598002;11648079
Europe & Central Asia (IDA & IBRD countries);TEC;0;0;0;0;0;0;0;0;0;0;0;0;0;0;0;0;0;0;0;0;0;0;0;0;0;0;0;0;0;0;0;0;4133131;3825835;3377879;3296902;3242981;3055013;2991149;2991557;3011827;3015384;3026231;3154669;3188716;3205990;3333190;3372727;3427527;3130618;3350143;3498770;3543843;3457627;3331985
Togo;TGO;66;92;88;106;132;132;180;198;194;242;275;315;400;403;378;312;323;462;356;1382;719;627;733;546;609;550;708;766;792;836;774;843;836;865;832;953;1060;986;1166;1536;1360;1162;1232;1463;1397;1338;1221;1408;1683;2783;2640;2464;2486;2659;2622
Thailand;THA;3715;4147;5035;5570;7481;7451;9479;12167;17099;14562;15376;19248;21837;24455;24246;24408;28779;32160;35068;36736;40135;38049;37909;42453;45973;48672;49703;56945;67003;78892;90806;99783;109779;124949;139159;161154;180255;185917;164348;176126;181271;194600;208322;224574;243188;247467;252048;252447;252444;267603;281926;278318;296598;300089;316213
Tajikistan;TJK;0;0;0;0;0;0;0;0;0;0;0;0;0;0;0;0;0;0;0;0;0;0;0;0;0;0;0;0;0;0;0;0;7316;5178;2358;2450;2827;2153;2497;2519;2237;2292;1881;2076;2563;2442;2659;3234;2904;2453;2545;2351;2934;3480;5189
Turkmenistan;TKM;0;0;0;0;0;0;0;0;0;0;0;0;0;0;0;0;0;0;0;0;0;0;0;0;0;0;0;0;0;0;0;0;33029;28317;33535;34000;30671;30623;32094;37678;37539;38074;39967;44602;46542;48338;49512;56043;56831;50341;57290;62467;64873;66736;68423
Latin America & the Caribbean (IDA & IBRD countries);TLA;272601;280401;295982;297430;321493;332953;350822;376630;402717;435849;480670;502936;528114;576038;611179;618011;650683;676550;733675;786828;827968;823084;844455;812640;816696;841580;874033;918910;939771;996606;959346;981399;1000167;1039426;1076176;1093639;1146741;1214276;1291297;1314421;1305254;1337307;1353013;1387409;1397087;1471805;1515615;1543572;1619806;1584969;1662398;1700029;1778367;1807178;1844358
Timor-Leste;TLS;0;0;0;0;0;0;0;0;0;0;0;0;0;0;0;0;0;0;0;0;0;0;0;0;0;0;0;0;0;0;0;0;0;0;0;0;0;0;0;0;0;0;161;161;176;176;180;183;202;227;235;246;293;440;469
Middle East & North Africa (IDA & IBRD countries);TMN;84158;84594;87729;95936;108250;127531;151579;154205;196390;200068;210731;224380;234648;271589;280335;286356;340026;353587;376322;392439;365937;340327;364962;407088;439813;458657;469039;498749;536434;552397;550556;584465;603115;638076;680361;710008;718501;711640;799619;865808;871591;897612;901187;964722;1022943;1085711;1122344;1127713;1206362;1252328;1279482;1304359;1364949;1385693;1415554
Tonga;TON;11;11;11;11;11;11;11;15;15;11;26;18;22;26;22;33;29;29;37;40;40;48;44;48;48;48;48;55;70;70;77;95;70;84;92;95;77;99;88;110;95;88;103;117;110;114;128;114;121;132;117;103;106;114;121
South Asia (IDA & IBRD);TSA;139488;150116;165280;178495;175459;192550;198885;201136;219942;223581;228246;237639;245638;254691;263357;285678;297284;314922;321226;338424;359502;387716;402747;435192;447627;492357;526174;562133;606881;660779;710672;750290;797983;827349;877469;928543;1012118;1049679;1069734;1134852;1181100;1197268;1217814;1270164;1340520;1416188;1510676;1629299;1798062;1976770;1969230;2101778;2284079;2302942;2516435
Sub-Saharan Africa (IDA & IBRD countries);TSS;126087;131879;136504;143107;157083;174355;177903;184957;189022;205192;226258;260423;274573;291762;309677;300695;316295;318915;324275;365707;378497;404132;426458;433262;464893;476652;482697;475233;505905;481498;438830;453467;437484;458493;466742;500759;511092;532828;519714;523850;564527;573268;571035;625892;690782;663129;695991;721088;754972;743994;746612;757778;767552;784109;822819
Trinidad and Tobago;TTO;2582;4602;7239;1309;3795;5196;4056;4639;4041;3905;8999;8104;8243;9399;10051;9622;15926;16175;15328;16725;16938;17261;18427;16303;17536;20755;17385;17521;15867;16142;17026;17015;19153;17972;17440;17022;20590;18394;19123;22545;23839;26355;28621;31987;33432;38151;42677;45474;44385;44895;47935;46934;45419;46542;46274
Tunisia;TUN;1727;1767;1797;1947;2758;2464;2886;3088;3597;3858;3744;4213;4738;4829;5398;5548;5849;6758;7492;8771;9494;9835;9527;11305;11547;11940;12064;11749;12464;13234;13267;15489;15024;16502;15940;15735;16758;16945;18001;18331;19923;20818;20862;21247;22299;22662;22992;24111;24826;24789;27660;26021;27004;27668;28830
Turkey;TUR;16821;17363;21632;22669;26336;27389;31547;33524;36314;38808;42640;47733;53857;59486;61136;65698;73721;81572;77256;75577;75764;79875;86989;90542;95797;106717;116882;129907;126310;139317;145859;148620;153108;159137;156849;171975;188205;198535;200614;196771;216151;194553;205686;218524;225421;237391;261615;284658;283980;277845;298002;320840;329561;324772;345981
Tuvalu;TUV;0;0;0;0;0;0;0;0;0;0;0;0;0;0;0;0;0;0;0;0;0;0;0;0;0;0;0;0;0;0;7;7;7;7;7;7;7;7;7;7;7;7;11;11;11;11;7;11;11;11;7;7;11;11;11
Tanzania;TZA;829;704;766;803;1034;1162;1371;1760;1654;1797;1767;2464;2167;3187;2307;2285;2791;2013;2204;2072;1885;2123;2167;2219;2369;2358;2299;2391;2288;2208;2266;2398;2325;2596;2406;3553;3462;2882;2556;2538;2651;3128;3590;3806;4364;5504;6029;5897;6142;5919;7107;8093;9545;11177;11562
Uganda;UGA;422;407;429;433;491;627;733;810;983;1177;1445;1441;1382;1181;1195;1133;990;807;700;675;627;528;546;616;583;620;704;770;865;803;759;781;788;781;708;939;1060;1107;1265;1313;1430;1511;1558;1599;1738;2171;2538;2890;3190;3381;3920;4265;4070;4870;5229
Ukraine;UKR;0;0;0;0;0;0;0;0;0;0;0;0;0;0;0;0;0;0;0;0;0;0;0;0;0;0;0;0;0;0;0;0;630929;539335;441767;445944;412336;341196;328637;332549;320903;321776;318688;352432;343396;333877;326429;321259;311024;260100;304643;286393;295791;271875;227299
Upper middle income;UMC;1996279;1666491;1548540;1579262;1662870;1795282;1952736;1908778;2083479;2353439;2753447;3020998;3189994;3416466;3527670;3827923;4072427;4337921;4726087;4887850;4879720;4854629;5177958;5361412;5646224;5989982;6243183;6601680;6956255;7173632;7056165;7288394;7489518;7590117;7581039;7860352;8035519;8005563;7918768;7995763;8139979;8315933;8713835;9636322;10491835;11284327;12113535;12694589;13471159;13734742;14781240;15930646;16426382;16676328;16768147
Uruguay;URY;4320;4122;4012;4320;4558;5523;5405;4884;4884;5596;5743;5809;6076;5776;5684;5970;5897;5651;5743;6278;5838;5376;4873;3817;3451;3297;3179;3561;4807;4881;3993;4554;5170;4466;4067;4591;5442;5556;5688;6725;5306;5090;4620;4598;5611;5776;6648;6003;8265;8060;6388;7763;8694;7587;6747
United States;USA;2890696;2880506;2987208;3119231;3255995;3390923;3561878;3695709;3831355;4024749;4328905;4356770;4564953;4770195;4598488;4406330;4613101;4742293;4890861;4901796;4723210;4535800;4306748;4341878;4475192;4492555;4495463;4688373;4892526;4955081;4823403;4820847;4909534;5028674;5094354;5132920;5252112;5368715;5401011;5504669;5693685;5595794;5641309;5675702;5756075;5789727;5697286;5789031;5614111;5263505;5395532;5289681;5119436;5159161;5254279
Uzbekistan;UZB;0;0;0;0;0;0;0;0;0;0;0;0;0;0;0;0;0;0;0;0;0;0;0;0;0;0;0;0;0;0;0;0;111807;116233;108664;103435;106171;107234;119144;123035;121829;123453;128349;127142;126214;117249;120289;120201;123901;107131;104168;113684;115815;103354;105214
St. Vincent and the Grenadines;VCT;11;11;11;15;18;15;18;18;22;29;29;29;37;40;33;33;33;33;37;29;37;37;40;48;66;66;66;77;66;77;81;77;84;103;121;128;132;132;161;165;147;180;187;198;220;220;220;227;227;312;220;198;253;209;209
Venezuela, RB;VEN;57070;51928;54107;56204;56604;60788;57029;65815;65636;68998;74561;62563;62577;66501;75133;63817;57345;63732;68690;76571;90802;91968;93406;93101;93219;101279;109530;110982;116097;108855;122162;115441;105973;124392;129966;133350;122804;133989;167340;173123;152423;172587;193317;192103;151733;165096;169514;160787;179115;179789;189071;176823;198766;183922;185220
British Virgin Islands;VGB;0;0;4;4;7;7;11;4;15;18;18;22;22;26;26;26;26;29;29;29;29;44;37;40;40;48;55;62;66;66;66;66;70;73;81;84;95;99;103;103;103;106;114;121;125;132;143;150;161;165;172;176;176;176;180
Virgin Islands (U.S.);VIR;0;0;0;0;0;0;0;0;0;0;0;0;0;0;0;0;0;0;0;0;0;0;0;0;0;0;0;0;0;0;0;0;0;0;0;0;0;0;0;0;0;0;0;0;0;0;0;0;0;0;0;0;0;0;0
Vietnam;VNM;7492;7987;9347;9120;11800;13165;19200;22985;23623;27081;28199;24529;23058;25097;19083;21800;13924;15277;15420;16281;16821;17726;18383;19318;17550;21166;23091;25970;23183;17510;21408;21452;21478;23007;26230;29090;34668;45100;47513;47693;53645;61140;70806;78767;90549;98144;102746;104873;117993;128635;142738;152169;142221;147230;166911
Vanuatu;VUT;0;0;40;33;62;48;77;84;62;44;40;59;62;55;62;55;44;51;59;62;62;51;51;55;55;121;59;48;66;62;66;66;62;62;62;66;84;84;81;84;84;88;84;84;59;59;48;99;95;121;121;132;114;106;154
World;WLD;9396706;9434403;9818840;10355747;10947007;11433442;12009447;12389686;13017194;13797117;14788798;15323176;15957193;16822109;16850822;16745792;17726098;18279804;18497906;19533548;19324327;18726247;18562354;18484357;19145865;19719241;20315356;20817152;21565403;22029385;22149402;22403929;22183417;22162175;22551691;23037524;23571557;23975007;24114192;24059187;24689911;25276631;25646998;27047792;28393581;29490014;30568112;31180501;32181592;31891899;33472376;34847501;35470891;35837591;36138285
Samoa;WSM;15;18;18;22;26;29;26;26;29;29;29;37;37;37;33;59;48;81;106;95;99;103;114;114;114;114;114;114;114;121;103;106;110;110;114;117;125;128;132;136;143;147;147;154;150;161;165;172;180;187;187;202;198;198;198
Kosovo;XKX;0;0;0;0;0;0;0;0;0;0;0;0;0;0;0;0;0;0;0;0;0;0;0;0;0;0;0;0;0;0;0;0;0;0;0;0;0;0;0;0;0;0;0;0;0;0;0;0;0;0;0;0;0;0;0
Yemen, Rep.;YEM;3634;2666;3887;2919;3634;3931;3465;3055;11646;4679;2512;1973;1496;2732;2248;2171;2567;2981;3106;3223;3319;4232;5948;6329;7173;8658;8269;8683;9604;9996;9597;9208;9952;8705;9065;10466;10638;13359;12200;13894;14642;16208;15764;17305;18881;20044;21316;20972;22339;24562;23432;19666;18669;25497;22699
South Africa;ZAF;97935;102214;105767;109827;119658;128261;128356;133886;138085;143281;149764;168568;171726;173533;176735;185202;193115;199951;202099;218909;228454;257368;280749;292231;315949;324214;330855;329025;343055;341108;313305;326411;301688;321050;339168;362259;364401;386131;377727;375237;378665;372043;356638;404459;450187;416916;447895;466578;496772;503112;474099;470582;468771;466376;489772
Zambia;ZMB;0;0;0;0;3278;3916;3502;4793;4573;4276;3770;3792;4067;4591;4202;4081;4026;3744;3476;3605;3531;3366;3520;3271;2820;2754;2890;2703;3143;2604;2446;2417;2457;2501;2420;2171;1870;2391;2314;1808;1822;1907;1984;2112;2145;2288;2292;1929;2171;2508;2692;2937;3667;3957;4503
Zimbabwe;ZWE;0;0;0;0;4474;5214;6047;5299;6384;6751;8163;8742;8225;9281;9057;8320;10869;9300;9296;9450;9637;9435;8812;10462;9923;10264;13128;15240;16102;16186;15643;15955;17011;16362;17796;15130;14994;14408;14254;15834;13924;12596;11965;10656;9487;10770;10447;9886;7770;5603;7778;9564;7792;11676;12020
