Country Name;Country Code;1970;1971;1972;1973;1974;1975;1976;1977;1978;1979;1980;1981;1982;1983;1984;1985;1986;1987;1988;1989;1990;1991;1992;1993;1994;1995;1996;1997;1998;1999;2000;2001;2002;2003;2004;2005;2006;2007;2008;2009;2010;2011;2012
Aruba;ABW;42;43;43;44;44;44;132;135;359;410;425;519;564;530;571;642;436;617;0;0;0;0;0;0;0;0;0;0;0;0;0;0;0;0;0;0;0;0;0;0;0;0;0
Afghanistan;AFG;14307;14392;13041;13536;14946;14574;14747;15247;15112;14923;15691;15810;15615;15323;14279;13546;12269;12401;12959;12349;12528;12307;11370;11391;11291;11636;12506;13343;13793;14812;13531;12585;13843;14710;14654;14770;14849;15273;15289;15554;17791;17981;0
Angola;AGO;60649;39162;42206;44253;40179;44429;38448;43563;46235;56645;48002;41895;45244;44852;35878;36714;35982;46721;35737;39343;50807;43761;64998;39775;44657;48230;47136;33091;35275;36119;34781;34372;34490;35858;36860;35856;36376;36691;37396;38309;40029;40879;41657
Albania;ALB;6961;6950;7613;7348;7633;7873;8471;8949;9996;11248;11434;10520;10731;11568;12215;11822;12079;12175;12604;12553;11113;8274;6227;6067;6794;6422;6187;5501;5246;6493;8389;6821;7503;7834;7401;8308;8027;9879;8137;8109;8507;8712;8899
Andorra;AND;0;0;0;0;0;0;0;0;0;0;0;0;0;0;0;0;0;0;0;0;0;0;0;0;0;0;0;0;0;0;0;0;0;0;0;0;0;0;0;0;0;0;0
Arab World;ARB;552362;576946;625016;699280;679448;683966;775864;799971;827156;883707;927714;838921;888520;902706;888826;740597;769537;774812;803739;841211;803899;844941;842558;888560;920111;1229230;1258069;1268678;1743814;1790897;1850378;1787026;1927544;1963193;1660587;1767879;1731289;2355481;2364089;2387502;1924245;2483349;1908696
United Arab Emirates;ARE;32962;41378;44905;56876;57412;57799;70353;69646;78630;57226;60173;53925;52759;50999;66621;67747;64880;62290;64751;71802;72499;80008;78760;81326;88015;93904;103035;101901;104993;107208;115421;115019;126800;134092;139999;143368;151837;167986;181389;182422;193127;199343;204889
Argentina;ARG;221957;213552;223912;226956;229456;233417;247052;247371;248238;255920;253871;245777;243613;248682;243112;238146;250785;256954;266245;265608;266555;267189;272139;276523;270948;275096;288246;299709;311515;333887;331451;326484;311052;344797;369944;358386;373601;384548;411504;373409;364684;372873;380295
Armenia;ARM;6246;6384;6751;7372;7984;11627;11929;12413;12915;13469;14508;15065;15765;15929;15993;16262;16486;16465;17614;17460;24730;25426;14513;8363;6108;6710;5992;6720;6737;6389;6868;6896;6460;6974;7633;8402;8744;9324;12470;11235;11393;12418;12319
American Samoa;ASM;13;13;13;14;14;14;14;15;15;15;15;17;16;17;17;18;19;19;20;21;20;21;22;22;22;23;23;24;24;31;48;51;51;52;52;53;53;54;55;55;57;58;59
Antigua and Barbuda;ATG;0;0;0;0;0;0;0;0;0;0;313;430;551;419;456;365;340;340;388;371;372;373;372;359;381;392;390;362;379;404;399;399;406;419;449;454;464;478;492;0;0;538;553
Australia;AUS;319037;314446;355431;333244;355843;377569;407573;414927;377956;412123;433837;387882;428740;386674;398136;456718;434735;412843;434706;460970;482298;499347;486992;479464;522430;489294;508883;921012;920773;1190138;1081244;1241516;1117450;1023668;1144344;909262;1119632;1065624;892629;1105167;782103;785795;761686
Austria;AUT;68415;71139;73531;77365;75066;72742;78085;75681;77923;80645;78845;75502;73094;73160;75543;76927;75473;75191;75022;74507;79837;83262;79225;79388;79756;82481;85648;84731;85729;83881;82687;85852;87387;92660;96331;97553;95637;93277;94609;89047;94172;92315;90460
Azerbaijan;AZE;26323;26658;28191;30860;33573;41477;42787;44513;46342;48376;51111;55449;56895;58641;59848;61419;62652;62972;65201;64809;78097;78973;0;52464;48458;42527;38971;37665;39953;40458;42647;41456;40299;44117;45006;47617;48492;45144;53833;49623;50725;53983;56537
Burundi;BDI;2203;2202;2279;2346;2346;2443;2459;2476;2497;2570;2391;2205;2231;2275;2324;2326;2497;2489;2648;2667;2799;2883;2923;3022;2977;2999;3047;3060;6229;2768;3399;3391;5030;5259;5370;5302;5553;5478;5725;5926;6041;6152;6254
Belgium;BEL;159838;154470;166247;172177;172793;153064;162851;161726;166668;176336;165434;153822;144654;135780;139849;137716;137674;136792;137543;137955;137873;142753;141130;138758;144398;146712;153314;149510;152175;147500;147051;144535;138049;144032;141188;136696;134803;131823;137214;131110;138029;137518;133374
Benin;BEN;35206;34457;34262;37045;29559;31603;32261;37590;32395;35202;43188;36459;41952;39352;39235;36124;36229;37712;35111;37911;47188;38173;44053;41176;41217;45323;45080;46264;49502;43491;40254;33015;47757;36886;31729;48573;36386;39886;37640;38068;33030;33290;33533
Burkina Faso;BFA;7374;7345;7048;6999;6558;6871;7107;7590;7413;7889;8673;8416;8991;8983;9197;9755;10130;10484;10689;11103;12151;11860;12608;12855;13311;14072;14495;15473;45358;41428;46470;41228;50062;43713;43284;47810;41364;43632;40706;43473;43406;43660;43910
Bangladesh;BGD;112709;107541;109807;111165;110459;115099;113277;114978;118410;120688;115248;116074;117882;112922;118500;118777;121514;120291;122477;126359;126702;126700;128626;128902;131296;136508;139005;140107;129130;138324;136013;142754;143813;146424;147368;151092;155321;161042;164701;169928;177504;180498;183301
Bulgaria;BGR;88038;88234;91405;92711;93955;100952;101831;105580;111576;116051;119752;116432;118133;117275;114918;117688;118758;118401;122089;116318;108086;85681;80517;78824;76810;81770;82853;78533;71902;65864;66195;68734;63711;70024;68866;68543;69901;72527;71720;65133;67945;72947;67943
Bahrain;BHR;3809;3952;5904;6763;7858;7965;8568;9310;9745;10339;10457;11139;12014;12365;12769;14634;16263;16127;16272;16281;17051;14436;15182;15330;15217;15330;15987;0;0;18048;0;19051;19967;20539;21451;23432;25118;0;0;29250;30922;31941;32849
Bahamas, The;BHS;3564;0;0;0;0;0;0;0;0;0;0;5978;5156;4570;4339;3441;3151;3169;3342;3552;3594;3469;3078;2959;3183;3532;3857;3536;3683;3580;3185;3152;3255;3556;3732;3854;4014;4129;4340;4336;4570;4726;4865
Bosnia and Herzegovina;BIH;23293;23613;21772;23434;25691;21845;20406;22002;22586;22408;25995;19789;23494;26769;25874;27008;26045;26066;29031;27334;31319;28193;21575;18494;6509;6576;7103;11979;14843;15369;22493;18081;17112;18646;20001;20780;22772;24673;24237;24472;25619;26406;27108
Belarus;BLR;137112;138534;144374;150804;155506;168142;170915;176000;179477;185103;188456;190307;187935;187596;184778;183139;181603;181402;186057;182769;185412;181585;170164;153339;139896;130352;130527;131300;87300;87515;83388;80804;89727;82041;85627;89990;94475;95711;100860;101755;108205;108921;109647
Belize;BLZ;313;324;365;395;391;424;391;431;424;453;441;531;558;579;603;527;572;592;476;535;633;690;633;608;593;603;574;663;923;1144;1676;1013;1703;3604;1146;2022;1277;1802;1408;1534;1499;1536;1570
Bermuda;BMU;349;350;463;472;0;553;0;514;482;0;471;741;776;1016;971;683;577;578;792;932;653;582;466;471;491;497;504;0;462;492;519;510;527;543;592;585;601;0;0;561;595;615;633
Bolivia;BOL;172962;122460;149851;125556;134838;152794;177016;137558;166709;175554;186438;169440;178439;183028;144624;153112;161269;195882;165830;168428;192646;183162;194819;213990;156531;170372;176121;179071;136015;225874;91401;62224;110701;124597;252571;309458;164215;227562;120003;76426;102901;620982;621727
Brazil;BRA;1260982;968553;1138194;1022868;1098490;1214607;1384864;1173041;1343364;1415029;1499556;1392081;1445809;1458952;1260054;1322535;1405162;1612857;1454115;1476409;1606209;1569962;1649184;1772641;1455453;1574446;1613760;1647414;2263726;1595863;1222630;1277452;1591827;1624555;1967427;2386440;1621079;2703499;1532860;1211969;2902243;2953041;2989418
Barbados;BRB;710;703;758;833;706;840;803;847;917;856;868;1114;1111;1281;1336;1314;1321;1306;1195;1199;1200;1245;1237;1129;1093;1100;1084;1123;1209;1310;1314;1225;1264;0;0;0;0;0;0;0;0;0;1541
Brunei Darussalam;BRN;11477;8061;10231;14588;10317;10590;11460;14879;16818;15032;17659;15005;15241;23986;15832;14145;15791;19435;16488;13123;18367;17605;23080;20218;19029;21265;18153;18632;17789;9480;9649;9865;9841;10762;10320;10969;13195;12998;13738;13550;14124;14494;14829
Bhutan;BTN;863;877;891;909;925;931;945;964;994;1014;1035;1086;1095;1119;1140;1187;1201;1227;1188;1196;1280;1277;1595;1592;1615;1648;1664;1597;1943;3858;2310;1613;1708;1468;1623;1618;1966;2327;1908;2191;3220;3260;3297
Botswana;BWA;11350;6559;7521;8167;7575;9263;9115;10569;10727;13213;11120;10016;10909;10579;8407;8474;8315;10785;8753;10056;13373;10963;15494;9195;11082;12153;10207;10101;34294;34724;39682;54349;51450;17483;23887;24188;43485;26083;73051;22942;81652;81891;82110
Central African Republic;CAF;106092;101999;100024;111111;78706;87139;91113;113196;89754;101346;134472;104548;126822;114470;112552;97709;99794;106274;95504;108385;146226;106094;130434;117617;116020;133887;129537;132322;548911;437192;499622;453850;350971;532900;345419;455530;595440;695450;603473;428274;511443;513290;515134
Canada;CAN;494974;512429;497317;520460;538399;529891;580939;574648;550136;656571;711938;699417;576432;573187;569375;576740;565870;571108;623177;794055;608685;626149;618674;655594;807223;836026;698763;690069;1129087;821594;760643;718534;908686;951373;1040137;849799;894923;892067;908926;749864;764138;1033482;1027064
Central Europe and the Baltics;CEB;1333733;1341337;1387157;1446895;1475797;1529646;1582637;1639061;1702378;1726698;1716304;1695106;1698561;1715864;1724652;1724008;1741424;1733457;1744122;1695102;1393915;1266632;1174877;1130306;1108115;1122706;1116595;1090766;992612;950434;978162;975764;960408;988903;1004284;1001128;1019707;1025001;1013349;950398;991583;999303;970734
Switzerland;CHE;50088;51339;52043;56668;51879;49343;50861;52261;53696;52080;53171;51483;48000;53370;52083;55914;55586;55773;54227;54934;56394;57854;57506;54867;54837;54578;54922;53613;54370;54251;53063;54075;52997;54553;55223;55883;55762;54112;56635;55246;57154;53067;54108
Channel Islands;CHI;0;0;0;0;0;0;0;0;0;0;0;0;0;0;0;0;0;0;0;0;0;0;0;0;0;0;0;0;0;0;0;0;0;0;0;0;0;0;0;0;0;0;0
Chile;CHL;42182;43511;45391;44870;43829;41649;42287;40600;41668;43599;43959;41831;38089;38576;39611;38221;39116;39830;45208;51167;54730;52935;55415;58446;62277;66433;73627;82393;91628;97091;90385;90862;91214;94236;99879;101594;101965;113127;111021;110405;114285;117662;120688
China;CHN;1873972;1914332;1999689;2057487;2073855;2264423;2327790;2516151;2726400;2773804;2757430;2724309;2815058;2950586;3135784;3142896;3282781;3349249;3680671;3800686;3892675;4035213;4172493;4398291;4613489;5042349;5181881;5113707;5141403;5079294;5082326;5145522;5474915;6226963;7116642;7803536;8573395;9124047;10022025;10617265;11183811;12064260;12454711
Cote d'Ivoire;CIV;116580;113930;113045;121633;98017;104296;107172;123842;107625;116000;140755;118981;135869;127803;126730;115934;117304;122020;114146;123195;152201;123934;142539;133510;133400;147448;145021;148927;24963;24317;29443;28584;28671;22407;22932;26283;27249;27860;29682;30685;32525;33027;33502
Cameroon;CMR;65738;64422;63454;68261;54887;58835;60474;70715;61314;66568;81571;69936;79286;81503;82209;75828;80286;81679;70501;80397;97555;80901;91207;86690;83215;90767;89199;90784;157727;134749;163101;118945;128242;167010;97586;160728;123887;120332;120917;116739;99823;100387;100922
Congo, Dem. Rep.;COD;1550424;899793;958871;1021542;892820;1049438;927528;1066349;1124723;1481813;1234691;1079908;1219832;1226109;959899;970912;899602;1239852;880362;983442;1376922;1148407;1824184;1049952;1219214;1232300;1050677;998227;1014212;824119;861823;678319;763919;748084;816309;794528;922489;895388;754086;731885;799229;800757;802271
Congo, Rep.;COG;68612;42386;44841;48645;44109;49673;44830;49550;51856;66347;56482;50349;56275;56603;45848;46417;43518;57484;43092;47484;63553;54144;81648;50190;56842;57958;51566;49792;32353;27869;28435;35332;24854;34877;34296;38914;37982;34160;31049;34611;35247;35504;35744
Colombia;COL;128349;113238;123945;117834;123319;134068;145348;134616;146361;149631;154044;149820;154634;156690;144174;148630;153463;166325;160352;161639;174397;172087;178474;188779;170316;179102;183443;188062;165332;149561;164520;153809;148234;162981;174609;150618;151547;177034;167450;171912;166696;170200;173412
Comoros;COM;203;205;209;214;219;224;232;239;244;252;253;250;250;248;250;241;243;242;272;280;294;295;295;302;308;318;325;331;342;355;366;424;406;387;390;481;385;514;579;532;544;554;564
Cabo Verde;CPV;193;192;202;211;216;224;232;250;255;291;312;290;182;175;196;200;141;153;197;206;208;218;237;239;229;252;233;249;264;274;333;302;309;317;336;363;0;0;369;376;0;0;0
Costa Rica;CRI;5198;5259;5580;6195;6211;6491;6585;7321;7692;7908;7667;7702;7456;7604;7852;7763;7864;7891;8134;8422;8594;8911;10124;10054;10457;10055;9907;9925;10575;10339;9851;10917;9998;10416;10572;10095;10715;11298;10807;11068;11685;11995;12274
Caribbean small states;CSS;35617;35238;39057;31319;31666;34073;34477;32201;26769;35636;28783;43776;42543;42243;38585;36977;37256;40435;37694;39466;43058;42458;44209;45793;40299;42648;43862;43698;55853;49175;51195;49402;28531;61846;66805;72533;81074;82157;84746;104909;86416;92088;95977
Cuba;CUB;42414;40754;41208;46314;47918;49933;51086;51146;52383;56403;56023;57498;59315;55893;59159;59888;61131;60996;63306;65695;57044;50969;46323;43695;45488;46585;48578;49639;46515;45832;46258;44508;48831;48493;48579;45763;45505;44013;48557;50545;49783;51171;52418
Curacao;CUW;0;0;0;0;0;0;0;0;0;0;0;0;0;0;0;0;0;0;0;0;0;0;0;0;0;0;0;0;0;0;0;0;0;0;0;0;0;0;0;0;0;0;0
Cayman Islands;CYM;74;75;98;102;93;112;95;107;97;97;0;194;194;239;230;0;0;0;300;300;297;307;0;0;0;0;0;0;0;0;0;0;0;0;0;0;0;0;0;0;0;0;0
Cyprus;CYP;2761;2790;3306;3448;2682;2639;3109;3261;3397;3598;3786;3663;3731;3743;3809;3773;4145;4177;4828;5077;5130;5707;6072;6263;6693;6594;6932;7004;7355;7573;7953;7791;8041;8897;8725;8912;8762;9077;9166;0;0;7652;7431
Czech Republic;CZE;212540;212881;213022;211492;195493;202861;208258;219672;217160;227304;219692;220358;221728;222476;224764;221930;220237;220013;215839;207519;196207;178392;167251;158446;151012;150509;154942;149454;146940;142384;162021;157672;152372;157836;152080;147551;147768;149839;144073;137877;145707;144613;138957
Germany;DEU;1286570;1283784;1300781;1364682;1336034;1273610;1336497;1315705;1357268;1411701;1354783;1317792;1267150;1268456;1291692;1301253;1302265;1306982;1294254;1278982;1256074;1219017;1158797;1147631;1135938;1131719;1153138;1122917;1060398;1020391;1016296;1025984;1007405;1017486;1016629;981288;994686;972896;992116;950463;948007;929540;951717
Djibouti;DJI;1048;1059;1102;1130;1226;1251;1310;1313;1350;1758;1772;1455;1205;1092;985;1029;1043;1077;1234;1878;1822;1920;1767;1790;1825;1914;1916;2018;1995;1972;1969;2274;2019;2095;2116;2160;2150;2432;2519;2523;2630;2702;2766
Dominica;DMA;51;53;59;64;62;68;67;73;70;65;69;97;100;105;105;101;100;105;121;132;131;130;130;127;138;140;141;132;137;145;141;157;159;163;175;175;191;195;203;203;211;217;223
Denmark;DNK;78804;74949;76757;76626;71615;73349;77771;81429;81492;84769;85588;73219;76206;74361;73406;81256;82445;82067;76421;71997;72484;83046;76785;79297;82946;79490;92887;83193;76245;72950;68554;70080;69388;75003;68855;64817;72755;67993;65167;63012;63679;58416;53703
Dominican Republic;DOM;8866;9420;10802;10851;11817;12412;12864;13474;13386;14246;14322;13619;14125;15305;15830;14821;15700;16037;17141;18031;17001;17837;19815;19630;21227;22044;23334;25013;26833;27056;28492;28416;29253;28367;28494;29248;29636;30393;30646;30500;31669;32578;33395
Algeria;DZA;34604;38925;53749;67627;59317;55999;68739;74888;81970;84371;83331;79916;83129;89059;92776;104030;107928;106730;107913;110027;106446;111649;121636;122490;118602;123799;123729;123971;126561;132794;133778;129335;131223;139592;139847;146241;151655;157333;160415;160850;167675;172304;176471
East Asia & Pacific (excluding high income);EAP;3415737;3130420;3802938;3838571;3357603;3557799;3773264;4615854;4666454;4802208;4985740;4753592;6756467;6226107;5344266;5264937;5927546;6960457;6098286;6025213;6845134;7968441;8445017;7715293;8598928;8348001;8245146;12027811;8066715;7211444;6883003;7175792;8652083;8435539;9934549;10493892;12474041;11725447;12335617;13445501;13690331;14921809;15379925
Early-demographic dividend;EAR;4042013;3671450;4395681;4439927;4089809;4131090;4495675;5132039;5016986;5251222;5512992;5315714;7414892;6675291;5370891;5200898;5835917;6865308;5809598;5774094;7079998;8132460;8535194;7684615;8381295;8116344;8073101;12045791;8593970;8164838;7657770;7798464;9046119;8422211;8816806;9042441;10291530;9810117;8414829;8907331;8437475;9969597;9734850
East Asia & Pacific;EAS;4878563;4604554;5380452;5538386;5081045;5258478;5562112;6469615;6502400;6717013;6918674;6608208;8611438;8075198;7284011;7245164;7910650;8925836;8221051;8223285;9194080;10386968;10911053;10217512;11230540;11030428;10990139;15215507;11174622;10659804;10262754;10766782;12124579;11890640;13535115;13882177;16076674;15323883;15695448;16915748;16955988;18272837;18822911
Europe & Central Asia (excluding high income);ECA;3796006;3813232;4067159;4174282;4306168;4491673;4685554;4771073;4881578;4957320;5030801;5041461;5084507;5127644;5179774;5246050;5378410;5463221;5596452;5608552;6260439;5881234;5367170;5126703;4609738;4493638;4545663;4194062;5119874;4120917;4426706;4293977;4731302;5304816;4198640;4319518;4624809;4526129;4939589;4351373;4512500;4750369;4792610
Europe & Central Asia;ECS;9050461;9101332;9497812;9876616;9936637;9990060;10448404;10543518;10785290;11058145;10961775;10771440;10676428;10692610;10760570;10878537;11048535;11137126;11290181;11306247;11706236;11301662;10616014;10265604;9748546;9677679;9814553;9387364;10186398;9091971;9447828;9327313;9734665;10416468;9309385;9393741;9694909;9541145;9884411;9020107;9271013;9372189;9398207
Ecuador;ECU;13652;12553;13152;14205;15880;16945;18559;19756;20950;22337;23548;25096;25609;24800;26120;27254;28410;28130;29862;29979;30859;32030;33098;33610;36622;38985;41251;41388;40663;37374;39805;41167;42616;44122;45932;47049;48496;49802;47603;49448;50321;51594;52747
Egypt, Arab Rep.;EGY;56858;56632;59142;56632;61890;64846;70998;72556;73772;76851;84808;93497;99916;105939;111771;115519;120336;121942;129323;135711;139102;141847;148269;150970;146652;155525;159241;165321;170722;177970;184460;187292;202779;211891;223361;243790;256321;266252;269737;266325;280256;288288;295500
Euro area;EMU;3346874;3387770;3513379;3702778;3674724;3522918;3725069;3688110;3797905;3936024;3862984;3740696;3623468;3605771;3642623;3648259;3653188;3661294;3702786;3760738;3607947;3605659;3491197;3418798;3423038;3463880;3526679;3503809;3457883;3403320;3444393;3457052;3466443;3534671;3531294;3512554;3490351;3457808;3404930;3220405;3247114;3171535;3160161
Eritrea;ERI;2915;2934;2872;2920;2868;2805;2809;2856;2872;2916;2974;2972;2973;3041;2949;3016;3160;3098;3132;3255;3335;3335;3689;3458;3604;3751;4186;4543;4671;4939;4981;4726;4457;4482;4533;4476;4483;4869;4955;4751;4845;4913;4978
Spain;ESP;173364;183756;197677;211642;225300;230872;249915;242955;243131;256039;269540;274924;268302;272032;262133;255905;261037;259343;268266;288738;293343;300580;308498;293902;306314;319459;309786;329912;343785;363570;381031;377630;397417;407870;421107;437017;430218;439904;404869;372823;354618;353857;348257
Estonia;EST;64921;65084;66960;68227;69064;70830;69841;71036;70286;70792;70666;70863;70756;69709;68788;68662;69466;69382;69889;68716;55787;51527;41260;34875;34255;31933;32604;32114;19347;18099;17769;17940;22955;19450;20024;20054;19628;23504;21872;18816;22767;24379;23293
Ethiopia;ETH;54446;54376;53622;55350;51260;50932;51243;54506;52141;54010;58091;54773;57627;57482;55887;56113;59177;57709;57246;61351;67301;63661;68922;65358;65881;69202;71510;73810;190910;217794;183618;144658;186750;171732;175249;200010;175185;189007;175266;182033;182771;184046;185292
European Union;EUU;5435016;5471160;5618697;5899291;5837678;5732402;6008722;6026863;6179286;6385749;6212892;6030298;5898278;5876516;5881428;5931758;5974702;5973711;6005001;5996799;5692721;5595511;5399872;5276955;5267324;5324012;5411909;5318852;5183116;5061973;5121051;5140262;5106070;5223719;5219035;5183933;5186382;5133722;5053634;4758745;4847306;4728178;4702090
Fragile and conflict affected situations;FCS;2879016;1929425;2100417;2435028;1871180;2064499;1956030;2391254;2537127;2877380;2822758;2426743;2719930;3270686;2424877;2294974;2360819;3016303;2372816;2277892;3161782;2739081;3895084;2830539;2938568;3110623;2670920;2735197;3425846;3036974;3010058;2780815;2918347;3046363;3099306;3137125;3264913;3678965;3301177;3048006;3289757;3510674;3512061
Finland;FIN;58989;58501;62874;67699;64265;64027;69905;69675;75196;75507;76385;66643;64739;63673;64222;68585;68781;68787;72040;72671;75555;75468;71841;73475;80759;77426;83955;82093;77933;76491;75117;80288;83952;95013;88571;76200;88153;85742;78385;74994;84372;76125;69073
Fiji;FJI;1144;1158;1165;1229;1376;1328;1309;1457;1462;1628;2073;1930;1944;1918;1619;1807;1857;1854;1986;2189;2329;2173;2001;2100;2084;2182;2223;2217;2323;2091;1575;1639;1807;1932;1810;1836;1946;2098;2124;2336;2164;2213;2258
France;FRA;614502;629908;650357;691091;674903;634882;679365;667441;687572;697435;675157;621534;597074;584373;575218;561941;549475;547516;533912;547918;554685;580972;564014;541094;538141;543013;572529;565221;577852;563699;559922;565204;557850;564607;560649;557130;547361;540947;544424;527526;532133;502657;499147
Faroe Islands;FRO;0;0;0;0;0;0;0;0;0;0;0;0;0;0;0;0;0;0;0;0;0;0;0;0;0;0;0;0;0;0;0;0;0;0;0;0;0;0;0;0;0;0;0
Micronesia, Fed. Sts.;FSM;22;25;28;27;27;26;20;24;25;27;28;33;34;35;36;38;40;42;44;46;48;49;49;50;51;58;58;0;0;0;0;0;0;0;0;0;0;0;0;0;0;0;0
Gabon;GAB;6244;4700;5010;8159;7982;9636;10059;10487;11270;12333;11251;11075;11534;11024;11167;12286;9859;10317;9294;10920;12277;11480;14097;11793;12266;13230;13569;12977;38130;35740;32923;13751;12656;14729;15138;14186;13966;13081;61809;14326;34054;34325;34571
United Kingdom;GBR;839587;837411;822152;863336;823516;809418;824663;833516;830539;876952;806583;789385;772804;763225;730851;766610;786061;785723;787867;775919;777244;782637;761020;733575;728678;728336;744363;716185;705168;680102;673897;683080;661572;670993;662918;659108;658331;646412;635417;584941;609587;568062;585780
Georgia;GEO;49642;49656;52153;54661;57003;52994;52282;51638;51227;51217;51362;51529;50752;49271;48789;47876;46728;46829;47707;46752;38221;31423;27308;23015;16493;13616;12931;12077;11245;10982;11554;9788;20647;9653;10168;11190;11840;12885;12282;13250;13109;14666;14628
Ghana;GHA;21483;21121;21298;22733;19454;20607;21131;24023;21039;22212;26283;23534;25778;22856;23254;22039;22821;23951;23004;25117;29496;24853;28646;27635;27994;30511;30600;31402;130472;94526;107700;104386;92866;108030;71082;113160;104045;107334;124073;104913;106433;107126;107784
Gibraltar;GIB;75;0;0;0;0;0;0;0;0;0;101;92;102;93;90;96;125;125;156;147;159;219;258;261;305;303;306;318;334;347;356;362;369;384;388;0;0;426;0;0;0;459;473
Guinea;GIN;49113;48044;47612;51466;41686;44291;45401;52358;45071;48812;59798;50815;57825;54272;53981;49208;49321;51419;48400;52367;65171;52861;60026;56362;56326;62537;61747;62165;116337;89860;84360;80295;102234;75067;76276;81923;101496;91127;135228;160212;100274;100814;101349
Gambia, The;GMB;806;818;816;838;799;837;864;932;903;929;1043;993;1053;993;981;993;1026;1053;1099;1127;1190;1142;1180;1164;1196;1244;1241;1251;2089;2715;2865;3731;3408;2438;3115;3002;3752;4029;3350;3013;3482;3506;3529
Guinea-Bissau;GNB;916;909;922;986;943;1089;1181;1232;1080;1143;1278;1296;1574;1448;1396;1210;1198;1229;1322;1427;1629;1495;1593;1581;1599;1701;1693;1709;6512;8396;6791;7465;5927;10897;7124;5582;10459;6842;5808;5047;7536;7571;7605
Equatorial Guinea;GNQ;120;122;124;128;131;135;138;145;147;157;158;157;173;178;180;192;199;201;206;241;243;656;1057;1476;1878;1992;2147;2937;3525;3783;4048;5278;0;0;5554;5676;5693;5927;5766;5841;6099;0;6374
Greece;GRC;38651;43151;50556;54227;54286;56236;61470;63823;66915;70212;70435;69870;71480;75320;77161;80629;79900;79379;90116;94857;96659;95667;96932;96322;97432;99303;102354;106167;113865;109858;115225;114020;115164;118731;118118;120036;117313;127392;117311;113366;107506;105014;100571
Grenada;GRD;62;62;68;72;67;74;70;76;74;73;74;113;121;135;136;109;108;108;112;115;158;157;158;156;186;178;197;208;206;222;475;445;480;473;501;562;629;626;644;645;683;706;726
Greenland;GRL;0;0;0;0;0;0;0;0;0;0;0;0;0;0;0;0;0;0;0;0;0;0;0;0;0;0;0;0;0;0;0;0;0;0;0;0;0;0;0;0;0;0;0
Guatemala;GTM;8504;9091;9696;9950;10379;10856;10175;11447;12080;14211;13835;12518;14509;12529;13406;13737;13913;14421;15033;14620;14907;16838;16635;18470;18478;19536;19901;19296;87559;23118;70006;21772;31425;55215;24368;41739;27001;34085;32858;37119;30328;30950;31515
Guam;GUM;40;38;40;42;42;44;44;46;48;50;51;53;54;55;56;57;58;60;61;60;60;61;63;64;66;67;68;70;67;68;70;71;72;74;75;76;77;79;80;81;84;85;86
Guyana;GUY;13432;10682;12406;11423;12152;13813;14700;13127;14632;14790;15664;16290;16482;16858;15362;15101;15613;17614;15605;15417;16735;16508;17372;18525;15223;16107;16425;16419;12864;4580;4405;4876;5086;5791;4965;4917;4648;4939;5113;25764;5937;6043;6141
High income;HIC;12913408;13052488;13589851;14259362;14069694;13677778;14458231;14713836;14824115;15305388;14997314;14613718;14045504;13996988;14301161;14245912;14238396;14242692;14940304;15245448;14819004;14875931;14780329;14907545;15301649;15699319;15959348;16466485;16795372;16834517;16923360;16992434;17204961;17431061;17596649;17123605;17217646;17725380;17002020;16689116;16270914;16885607;16134716
Hong Kong SAR, China;HKG;10327;10409;10756;10896;12406;12364;14288;16475;17573;16548;17290;18817;20164;22753;24778;25861;29218;29213;34969;36449;37254;40213;44708;47201;40750;40641;39765;37267;46025;48968;45293;46489;45160;47893;45969;46413;47373;49054;51946;52039;55049;56946;58634
Honduras;HND;6767;7399;7600;7867;8624;8969;8701;9582;9746;11571;10979;10113;12743;11907;12876;12723;13326;13990;14503;13830;13722;15438;14387;15373;15632;16823;17187;16119;22838;13998;21930;12537;14869;22792;15006;23207;16687;19179;19786;19878;19664;20084;20467
Heavily indebted poor countries (HIPC);HPC;2900772;1986041;2088936;2192326;1921886;2182869;2069492;2298681;2328495;2853088;2671486;2350935;2633296;2606611;2211369;2186661;2120018;2624040;2087449;2282974;2969418;2519968;3512297;2480794;2644806;2757070;2524633;2485297;4688341;3951647;3975100;3612964;3723537;4224119;3943384;4565484;4179290;4660282;4287553;3919664;4105847;4639235;4636656
Croatia;HRV;25741;25723;26950;28256;28323;30712;29985;28844;28612;30840;27178;40951;39433;42472;44416;46094;49135;49219;43185;43802;34734;26348;24795;24880;24088;24621;24101;26445;27432;27203;27312;27165;28302;30012;29692;29864;30290;33301;32938;31461;31173;30454;30421
Haiti;HTI;4508;4635;4740;4751;4762;4777;5037;5170;5387;5489;5565;5280;5462;5605;5688;5692;5332;5286;5440;5422;5357;5536;5786;5629;5182;5951;6270;6632;6750;7001;7179;7499;7616;7599;7871;8060;8170;8537;8462;8453;8545;8695;8835
Hungary;HUN;87733;90705;92174;98361;102088;103693;108312;113323;122215;121252;120488;120093;119291;115400;117357;115241;112806;112921;108641;105948;97552;90226;79815;79258;78548;77421;80714;78761;77889;78178;75482;75969;74622;76989;75936;75544;75141;72331;71579;65812;66251;64385;62988
IBRD only;IBD;10593892;10160751;11274643;11130409;11311678;11983112;12759615;13221938;13514237;14038335;14251981;13995488;16191419;15153268;14415316;14648349;15513613;16654722;16092406;16412646;17991977;18827165;18663360;18176542;18391068;18251694;18623126;22119323;20341130;17993103;17711576;17847614;19952582;20792256;21543689;23163729;24752817;25131691;24085144;24196188;26541451;28383099;29153052
IDA & IBRD total;IBT;14541370;13010950;14351286;14604419;14175750;15047932;15701934;16684954;17128146;18113767;18275901;17567355;20128941;19667745;18001671;18099972;19040253;20943399;19672252;19953476;22680066;23011257;24226633;22437841;22753929;22833518;22757842;26316091;26698125;23492491;23038445;22853240;25203985;26430882;27096722;29117755;30400674;31563953;29956425;29753567;32391347;34579568;35371310
IDA total;IDA;3947479;2850199;3076643;3474009;2864071;3064821;2942319;3463017;3613908;4075433;4023920;3571866;3937522;4514477;3586355;3451623;3526640;4288677;3579846;3540829;4688089;4184092;5563273;4261299;4362861;4581824;4134717;4196768;6356996;5499388;5326869;5005626;5251403;5638625;5553033;5954025;5647857;6432262;5871280;5557379;5849897;6196468;6218257
IDA blend;IDB;472464;460314;497549;528825;535753;503054;529185;559269;556599;628082;636836;603300;687179;664753;651286;663283;692925;732569;719173;753759;867279;876451;930728;871413;879915;872368;896159;1006270;1139744;1094802;1090515;1046898;1123803;1120433;1050675;1201928;1140447;1193817;1182792;1137408;1127794;1126065;1136259
Indonesia;IDN;339677;294005;733433;409242;329453;329119;482737;833789;502384;696522;714214;637827;2488671;1105447;711332;745109;1117714;1760930;813978;888791;1165113;2212869;2097492;1396510;2156232;1315571;1314061;5040841;1191187;668888;622465;849946;1720445;888646;1060214;1171043;2381294;772946;796582;1148286;744790;763553;780551
IDA only;IDX;3475014;2389884;2579093;2945184;2328318;2561767;2413134;2903748;3057309;3447351;3387084;2968566;3250343;3849724;2935069;2788340;2833715;3556107;2860673;2787071;3820809;3307641;4632544;3389886;3482945;3709456;3238557;3190498;5217252;4404586;4236355;3958728;4127600;4518192;4502358;4752097;4507410;5238445;4688488;4419971;4722102;5070403;5081998
Isle of Man;IMN;0;0;0;0;0;0;0;0;0;0;0;0;0;0;0;0;0;0;0;0;0;0;0;0;0;0;0;0;0;0;0;0;0;0;0;0;0;0;0;0;0;0;0
India;IND;746498;754018;767242;773572;796885;827298;852598;871680;875174;905453;929415;979738;1011305;1059292;1117754;1140357;1199501;1202059;1305251;1365391;1387372;1443266;1486421;1521728;1581028;1651503;1708837;1761537;1768965;1956039;1885189;1875601;1917295;1976449;2090335;2117461;2232760;2382012;2438714;2594640;2771457;2828846;3002895
Not classified;INX;0;0;0;0;0;0;0;0;0;0;0;0;0;0;0;0;0;0;0;0;0;0;0;0;0;0;0;0;0;0;0;0;0;0;0;0;0;0;0;0;0;0;0
Ireland;IRL;47233;50208;50087;50501;53311;51752;52172;54544;54749;59353;58359;57799;57699;57859;58132;59639;60934;60915;61748;63305;65583;65980;65915;66338;67790;68374;70152;71594;65387;66634;68143;70154;69095;68873;68770;70081;71503;70033;70133;65613;65591;61268;62433
Iran, Islamic Rep.;IRN;141820;150900;167063;194612;204616;202141;226348;232841;224792;199912;167342;163749;200504;219859;211380;222483;212413;213486;223541;240348;283713;309948;328778;328038;363854;370388;385888;402923;410531;425640;448089;460784;483379;516233;552319;576651;619914;650957;0;0;0;0;0
Iraq;IRQ;51299;57101;56662;61280;63206;67796;79858;74972;81021;100553;91588;66670;73323;72392;78746;87989;93954;92807;99336;106551;99866;70211;79841;96576;106658;107285;98175;103254;106026;110879;124402;132844;128686;107791;125424;124612;129502;130078;137871;138424;146904;151457;155530
Iceland;ISL;3109;4122;5310;6875;7681;8316;9288;10320;11326;12264;12924;13733;14252;15194;16366;17055;17971;18913;19957;20919;21761;21713;20808;20894;20984;20879;21182;21089;3585;3658;4122;3831;3963;3942;4023;3981;4231;4449;5043;5144;5391;5530;5515
Israel;ISR;17256;17423;18339;19570;20110;21199;20992;21895;23196;23641;23572;24505;25738;26635;27698;29481;32013;32502;36863;38388;39609;40314;42953;46737;50064;53255;56520;58641;59555;60999;65619;65879;69488;71534;70576;71353;73592;77129;75239;75026;79072;81704;84044
Italy;ITA;388249;398702;416782;442435;444570;425696;454591;446957;457630;475665;477727;466864;456718;451605;460419;462916;464970;470135;497868;517577;508765;506084;504110;496267;493412;518471;507339;508374;519046;521472;547350;543360;550782;564951;562795;564115;563325;547383;529284;480698;489460;482619;482634
Jamaica;JAM;7210;7218;7832;9813;9585;9141;7833;8427;0;8601;0;8082;7125;7226;7050;6409;6233;6286;6833;8263;9319;9372;10250;10466;10522;10886;11248;11458;11875;12168;12364;12250;12392;12959;13419;13315;14550;15424;13913;13884;14582;15054;15474
Jordan;JOR;2091;2158;2464;2698;2818;3083;3550;3700;4333;4550;5535;6602;7369;8202;9174;9645;10226;10641;10627;10834;11599;11893;13939;14433;15032;15834;16406;16831;17159;17135;17799;17657;18835;18728;20882;22340;22823;23901;24469;24316;25590;26441;27199
Japan;JPN;941133;960482;1009126;1127133;1124069;1067711;1101910;1133257;1131050;1159212;1136091;1105578;1063684;1070491;1137484;1112813;1111250;1111019;1186750;1216857;1304676;1318934;1330643;1333073;1385835;1421641;1424113;1414397;1371363;1399009;1406195;1387952;1422453;1428102;1427399;1439905;1425899;1461356;1385165;1290244;1350428;1396767;1478859
Kazakhstan;KAZ;186230;183205;219120;209996;214080;207045;229748;221843;226526;217979;219643;206127;207432;204172;213576;212825;225631;233680;240415;241646;372291;362868;366069;326957;288848;247267;272329;207306;218453;182819;207395;223607;285884;256799;285197;291641;324812;315840;330512;287801;347356;350476;366502
Kenya;KEN;21917;22377;23210;23833;24133;24663;25292;26147;27781;29484;28469;28404;29812;31668;33170;33349;34676;34921;36807;38381;38943;38141;39012;39846;41268;41798;41134;41236;66595;46998;46237;44416;43785;46309;46544;48662;50018;53054;53277;52548;52675;53514;54302
Kyrgyz Republic;KGZ;15174;15408;17151;17239;17793;17448;17839;17634;18027;17815;18905;17020;15865;14414;13564;13638;14221;14656;16896;16109;33283;30183;22014;17743;13406;10489;12528;11418;11120;9840;9974;8997;10366;10993;11244;10852;10681;11464;11873;13219;13009;13854;13795
Cambodia;KHM;23776;18829;16481;14356;10235;11355;10882;11997;12491;10178;14640;13478;15561;19974;13207;15202;16325;17291;18353;17246;19522;18192;20826;20025;17756;20790;19023;19551;125316;54732;42118;63996;108595;105987;178379;101252;102120;197112;120479;87675;126272;126839;127400
Kiribati;KIR;0;0;0;0;0;0;0;0;0;0;30;55;39;41;34;39;34;35;41;39;40;44;41;41;39;40;42;44;39;40;43;44;45;45;46;0;0;51;0;53;0;0;0
St. Kitts and Nevis;KNA;65;63;76;76;71;88;81;85;82;76;78;122;136;137;135;109;101;101;109;103;0;0;0;0;0;0;0;0;0;0;0;0;0;0;0;0;0;0;0;0;0;0;0
Korea, Rep.;KOR;88641;89249;91340;107014;112907;120964;130214;144911;155968;172533;175230;181588;180767;192748;208166;215092;224295;225840;258383;270118;300501;328691;354615;385035;418013;453630;487345;513935;450494;489986;512820;522374;534839;546211;562451;561373;565697;575558;594982;594493;628839;650086;668990
Kuwait;KWT;68097;71419;73478;66638;54817;46479;45135;42959;47515;55587;47114;42894;42789;49053;47360;49877;51377;51687;58923;62729;0;47185;37631;46152;54782;57168;56838;59685;63942;65097;65240;63456;62755;74341;82089;91417;87101;86228;89301;88825;93786;96788;0
Latin America & Caribbean (excluding high income);LAC;2380035;1978483;2235242;2110367;2241501;2417769;2675231;2408918;2670847;2829887;2960735;2844884;2970426;2955908;2701299;2784941;2909561;3212499;3023280;3070035;3276579;3231868;3337341;3527067;3114498;3293047;3397424;3470904;4286826;3508097;3023338;2993433;3340967;3559228;3958516;4529085;3583861;4891193;3531917;3155960;4839259;5447712;5520361
Lao PDR;LAO;22772;15370;18840;26239;15427;15168;14116;21518;25758;22944;27499;24131;23877;42771;25081;21525;25141;32707;25749;18519;30129;26620;38440;31463;28147;31880;24691;24955;141736;143279;24668;15958;34784;20413;76334;53445;25073;70978;21336;24470;38035;161457;161719
Lebanon;LBN;6392;6547;7000;8535;8470;7530;7168;6518;7540;8444;8509;8686;7416;8449;8265;9253;9333;9341;0;0;0;9719;0;12647;13588;15558;16648;18223;18388;18216;16826;18142;17969;20294;18716;19431;16948;15102;18270;0;0;0;0
Liberia;LBR;1689;1708;1794;1880;1934;1984;2072;2231;2259;2686;2827;2527;2418;2480;2341;2394;2220;2250;2464;2156;1753;1477;1444;1406;1386;1428;1492;1602;4980;3371;2076;2164;2047;2063;2312;2083;2476;2848;2863;2600;2759;2797;2834
Libya;LBY;70830;54207;44220;42364;32671;37565;43278;45286;46858;50095;53560;45320;49331;47842;49233;47495;54639;51157;55359;56625;61074;61081;55475;55551;60863;65215;67251;63411;63333;60165;63667;62555;63329;68227;68567;69932;71319;71091;74239;73995;77780;80073;82129
St. Lucia;LCA;140;140;166;175;162;185;166;185;167;171;168;223;258;284;282;260;244;245;287;292;278;282;285;265;312;334;348;331;0;0;405;408;412;427;470;473;493;512;534;534;564;582;599
Latin America & Caribbean;LCN;2454615;2058777;2318633;2185736;2316630;2492541;2749485;2481305;2744834;2907318;3040379;2928972;3049425;3031186;2776182;2857617;2982879;3287881;3106320;3158259;3365946;3321120;3429706;3622812;3214429;3397823;3511071;3592821;4438787;3668582;3176115;3147005;3470243;3722931;4136822;4714765;3779499;5097240;3739498;3362268;5052728;5667496;5746908
Least developed countries: UN classification;LDC;3335412;2233619;2422535;2780801;2181218;2408270;2246083;2720449;2893202;3279938;3180582;2805528;3040892;3648701;2724129;2592352;2631620;3348707;2646973;2568462;3545639;3053561;4385059;3131541;3240259;3452193;2978262;2914084;4949463;4202237;4005540;3743596;3919296;4290480;4320817;4513303;4281562;5001900;4435629;4164283;4481469;4825058;4833763
Low income;LIC;2266398;1534409;1600371;1699341;1494112;1693939;1578756;1792323;1824748;2258440;2064667;1837938;2048638;2040808;1737076;1730155;1661536;2056989;1641551;1788241;2308076;1966079;2758317;1856632;2034152;2090217;1877899;1831210;3359918;2760334;2862901;2689285;2651222;3032108;2757659;3125175;3098543;3298897;3115984;2857961;3074913;3088734;3090986
Liechtenstein;LIE;0;0;0;0;0;0;0;0;0;0;0;0;0;0;0;0;0;0;0;0;0;0;0;0;0;0;0;0;0;0;0;0;0;0;0;0;0;0;0;0;0;0;0
Sri Lanka;LKA;16467;16292;16356;16788;17562;15188;15740;17209;18194;18132;18564;18905;18681;19000;19588;18817;18462;17421;18654;17519;18379;18031;19142;19421;20754;20611;21682;21386;20556;22817;23283;22429;23465;24580;25394;27223;26000;27769;27955;27827;29131;29823;30452
Lower middle income;LMC;3973408;3503916;4178917;4181998;3745285;3832163;4053172;4731226;4573067;4876973;5076850;4810372;6875356;6158386;5155791;5119688;5713481;6784085;5635304;5595763;6784267;7637936;8096957;6925105;7508238;6926213;6696632;10574558;7436001;6859369;6374352;6361302;7663891;6964546;7584055;7847330;8803982;7983999;7587571;7989326;7881010;8855179;9106315
Low & middle income;LMY;14118023;12574566;13892081;14135768;13685230;14537257;15180880;16157509;16589284;17587180;17769604;17091627;19660923;19201658;17532790;17639138;18561506;20470143;19200658;19503585;22309800;22650196;23852891;22050448;22353245;22411256;22341205;25889771;26268539;23067138;22617339;22440743;24822583;26002216;26633603;28649794;29910991;31046009;29449573;29267603;31881152;34072083;34870956
Lesotho;LSO;1794;1636;1616;1610;1647;1722;1692;1598;1619;1743;1809;1797;1842;1813;1769;1843;1874;2132;2057;2023;1882;1873;2109;1991;1969;1938;1839;1811;4736;3817;3231;3844;2942;4650;2341;3704;2161;4439;2543;2728;3425;3449;3473
Late-demographic dividend;LTE;7391226;7112958;7662194;7757479;7917350;8471339;8918449;9017634;9581288;9756455;9924357;9735237;9917799;10232511;10188854;10294647;10676785;11073307;11362206;11492450;11933999;11814146;11655697;11877234;11400244;11920675;12204038;11857983;13572445;11613698;11556771;11555338;12692010;14088163;14418737;15684802;15981500;17600191;17730472;17525751;19970395;21124897;21551516
Lithuania;LTU;102299;102815;108080;113993;119669;112018;115983;119880;123957;128003;131996;133149;134142;136425;139311;141569;143397;143624;147970;148596;54345;56222;38058;31683;30200;29220;30161;29876;25364;22732;21257;21049;21964;21789;22521;23569;24082;25791;26733;24474;26786;29325;29442
Luxembourg;LUX;19412;18172;17912;19348;18021;14577;15485;14805;16110;15249;14437;12485;11758;11134;12031;12235;11977;12062;12004;12837;13102;13752;13534;13758;12977;10729;10529;10136;9328;9683;10268;10701;11557;12047;13116;13446;13494;13072;12702;12343;13035;12930;12611
Latvia;LVA;45385;45620;47957;50366;52363;52338;53715;55700;57305;59445;61085;62362;62860;64502;65898;67656;69207;69207;71798;72637;33668;31579;27371;24046;21074;18783;18789;18051;12906;12076;11508;12090;13748;12783;13022;13288;14054;14416;14205;13580;14670;14150;13944
Macao SAR, China;MAC;273;274;307;430;443;441;435;417;0;0;553;547;583;820;0;0;0;0;0;0;0;0;0;0;0;0;0;0;1584;1686;0;0;0;0;0;0;0;0;0;0;0;0;0
St. Martin (French part);MAF;0;0;0;0;0;0;0;0;0;0;0;0;0;0;0;0;0;0;0;0;0;0;0;0;0;0;0;0;0;0;0;0;0;0;0;0;0;0;0;0;0;0;0
Morocco;MAR;19559;19916;20454;21861;22650;23467;24632;25628;27144;28303;29395;28896;27752;29303;29128;30757;32394;33284;34518;36637;37543;38293;39520;39455;41253;41902;42079;43942;45638;48246;50974;53556;53925;54271;65993;70022;71423;73113;72651;72152;76087;78381;80437
Monaco;MCO;0;0;0;0;0;0;0;0;0;0;0;0;0;0;0;0;0;0;0;0;0;0;0;0;0;0;0;0;0;0;0;0;0;0;0;0;0;0;0;0;0;0;0
Moldova;MDA;26313;26494;27940;29695;31532;33793;35047;35680;36918;37666;39456;40488;41725;43598;45562;47969;50435;51136;55245;56507;38030;31646;26834;22774;19014;16652;16915;15740;14206;11859;10796;11372;11280;11996;12303;12763;12244;12164;11170;11009;11339;11433;11351
Madagascar;MDG;45314;31700;33415;35221;33167;36664;34579;38184;40516;47801;43739;40817;43685;44142;39061;39488;38196;44748;38388;40359;48353;43906;57426;42515;45839;46521;43116;42210;142476;90964;84187;131803;84562;163798;87784;159819;107263;134285;94468;117984;117231;117586;117933
Maldives;MDV;21;22;22;24;26;26;26;28;30;32;0;0;0;0;67;93;106;107;121;0;0;0;0;0;261;344;345;338;352;0;0;0;0;0;0;0;0;0;0;0;0;0;0
Middle East & North Africa;MEA;634579;669141;733877;830530;831557;829705;943615;966945;993041;1018561;1016409;932040;1009982;1048866;1027322;894676;918471;922612;967235;1018313;1012935;1094897;1100963;1150534;1214657;1526488;1572334;1597247;1666430;1737341;1804578;1860773;1934672;2022518;1768211;1849849;1940963;2417204;1833234;1869692;1480798;2039856;1464935
Mexico;MEX;210548;215289;229445;241668;266401;280290;292167;304658;332679;362013;387137;407086;452477;420753;436649;443037;442989;454482;462185;473326;494151;505174;494646;502121;520226;515961;532804;539136;692323;553847;576490;547961;567680;601686;567790;641309;642138;646319;644168;648860;643375;652861;663425
Marshall Islands;MHL;2;3;3;3;3;3;3;3;3;3;3;3;3;4;4;4;4;4;4;5;0;0;0;0;0;0;0;0;0;0;0;0;0;0;0;0;0;0;0;0;0;0;0
Middle income;MIC;11877366;11065879;12318660;12464682;12219441;12874030;13632108;14394030;14793148;15359579;15732115;15294640;17651717;17203322;15840130;15955077;16949105;18462373;17602292;17759147;20036459;20710464;21119369;20218696;20343181;20345661;20487407;24085006;22936053;20334008;19781751;19778624;22199663;23000119;23905635;25554482;26842737;27780413;26366527;26441102;28837411;31013803;31810392
Macedonia, FYR;MKD;12061;11428;11601;12965;13197;11311;11702;11919;10631;11858;10927;13990;12447;11579;12927;13452;13721;13985;12112;13644;14329;12880;11589;11784;11651;11580;12810;11705;0;0;0;0;0;0;11251;11592;11559;12465;11743;11639;12258;12646;12992
Mali;MLI;25111;24893;23570;24309;20052;21633;22200;24815;22557;24801;29426;26719;29716;27049;25916;23663;24086;24905;24366;26169;30794;26649;29574;28544;28924;31483;31338;32233;86412;78429;70242;84085;79830;67303;88392;87079;83577;74744;86890;74104;76828;77134;77438
Malta;MLT;827;832;1009;974;904;833;930;985;1121;1098;1209;1341;1513;1178;1553;1381;2121;2135;2403;2592;2605;2501;2465;3123;2824;2711;2660;2835;2743;2781;2553;3049;2552;2955;3020;3167;3057;3228;0;0;0;0;0
Myanmar;MMR;655739;423755;533148;771874;428380;420989;406500;631035;766228;659113;788822;684627;677312;1287780;736511;619236;731478;982940;764835;518745;875447;776791;1151426;937442;820857;943040;704661;697087;306623;337749;185137;186670;226295;187353;379913;223013;199289;349941;189004;266006;325367;526920;528416
Middle East & North Africa (excluding high income);MNA;408997;412521;437806;482742;486325;495626;560903;575273;587831;598483;571372;517598;601864;640466;653423;688765;704396;710208;736640;773672;823836;847950;884903;919016;966435;1000634;1017893;1048608;1076015;1112949;1165153;1186519;1226527;1265781;1346179;1407623;1481298;1533129;902170;881165;926458;953516;977796
Montenegro;MNE;0;0;0;0;0;0;0;0;0;0;0;0;0;0;0;0;0;0;0;0;0;0;0;0;0;0;0;0;0;0;0;0;0;0;0;0;0;0;0;0;0;0;0
Mongolia;MNG;13026;13353;14863;18062;17657;19791;21324;24130;26608;27542;37598;37863;39945;45491;43738;44446;48190;51353;54375;53943;58043;58062;59495;57861;56918;59119;60763;60760;50020;30732;51756;27501;50488;39186;25436;27669;37790;55404;46514;50237;24860;0;0
Northern Mariana Islands;MNP;3;3;3;3;3;3;3;3;3;3;3;3;4;4;4;4;4;4;5;5;5;5;6;6;6;7;7;7;8;8;8;9;9;10;10;10;11;11;11;12;12;12;12
Mozambique;MOZ;45073;26276;27942;30345;26738;31195;27922;31991;33405;43494;37020;32466;36330;36157;28332;28131;26894;36890;26533;29873;40943;33997;53298;30794;35830;36851;31666;30429;301747;202613;215278;293796;248706;354835;301973;349873;301393;317678;363781;307176;379824;380073;380308
Mauritania;MRT;4925;4811;4463;4386;3839;3961;4171;4354;4451;4665;4808;5020;5096;4688;4719;4984;4842;4964;5649;5918;5977;6221;7689;7883;7881;8040;8252;8693;9423;9841;11951;11586;10020;10307;11028;11476;11510;13429;11721;11968;12951;13154;13343
Mauritius;MUS;693;700;767;757;767;769;776;826;798;944;980;885;808;903;908;948;1148;1173;1492;1526;1577;1619;0;0;1658;1834;0;0;0;0;0;0;0;0;0;0;0;0;0;0;0;0;0
Malawi;MWI;6201;4125;4555;4853;4569;5377;5284;5747;6105;7349;6611;6281;6823;6835;6124;6426;6515;7910;6550;7168;8537;7969;10138;7510;7782;8132;7698;7585;17454;13768;15450;12365;14273;20341;15083;20503;15055;17520;17735;15596;21416;21526;21632
Malaysia;MYS;113374;84958;99629;130161;89982;91203;91613;120583;139186;131982;150781;138494;141106;221016;154694;141605;157909;189578;167479;145348;198588;200252;253516;235936;228129;252185;240005;245919;259140;160191;171394;176214;199983;195387;216284;246665;240375;250681;256756;277979;263676;271819;279098
North America;NAC;5895827;5953199;6202078;6433903;6295263;6069699;6449399;6623395;6605082;6792034;6608491;6530407;6111326;6098981;6331563;6354321;6297473;6315319;6809717;7016379;6745431;6700375;6756638;6938769;7182693;7201819;7276981;7414483;7878565;7630224;7730286;7540280;7891000;7943171;8285000;8033192;7889610;8021019;7557917;7354494;7478081;7605751;7371537
Namibia;NAM;7251;6119;6338;6534;6813;5483;5289;6140;6272;7142;7327;6432;6391;6234;6042;6289;6034;6507;6147;6404;7300;7247;8369;6905;7300;7245;6717;7025;22239;28387;33985;31359;29497;28634;34751;30934;37086;36561;28595;39972;37648;37856;38049
New Caledonia;NCL;0;0;0;0;0;0;0;0;0;0;2368;2197;1729;1651;1324;0;0;0;0;0;1633;0;1839;1837;0;0;0;0;1821;0;0;0;0;0;0;0;0;0;0;0;0;0;0
Niger;NER;8021;8160;8330;5823;5877;6313;6768;7269;7688;7956;8201;8314;8622;8864;6566;5841;6001;6017;6505;6731;6929;7164;7577;7592;7996;8185;8403;8596;10401;11321;11124;10982;9327;9570;9191;10259;10176;10970;10491;10531;11220;11342;11461
Nigeria;NGA;74940;90500;105080;120771;137390;116135;130225;124060;125587;162132;155989;134625;133456;133295;135013;137869;137044;132909;144641;155364;163274;171313;188562;187613;174508;184046;203140;196352;332361;353504;314979;319146;295068;314942;288146;374422;318579;335201;316059;273156;292212;296800;301010
Nicaragua;NIC;8313;8079;8168;8723;9254;9440;9854;10748;10513;9307;9011;9078;9566;9144;9377;9478;9581;9150;9457;9599;10263;9569;10135;10837;11082;10769;10981;11326;22495;12418;14043;14463;14720;16965;14793;16832;15048;15277;15792;15862;15794;16069;16323
Netherlands;NLD;183917;186709;205138;214755;210406;201646;213891;212635;217685;228827;219031;216959;205036;201897;209480;212565;216328;219079;219095;223050;224468;232342;230579;234205;234258;235053;244204;235836;227061;218723;220320;220253;218276;221354;221355;217084;211768;208848;205061;201884;212418;200144;195874
Norway;NOR;57051;55491;59160;61120;60168;58968;62914;64372;64151;68035;66458;62737;58684;59378;62471;63261;65498;66922;66653;66535;67466;64288;64337;67255;70006;70569;72017;74552;74640;76296;71218;71491;69690;73173;73535;71578;71356;72404;71003;65841;65710;64181;63537
Nepal;NPL;19946;20309;20096;21059;21302;21668;21821;22157;22338;22506;23312;23332;22886;23880;24364;24113;23961;24664;24883;24654;25118;25017;24131;25373;25644;26905;27238;27567;28207;41333;31234;29844;28915;29847;30428;30863;30946;31264;32027;32809;32739;33161;40763
Nauru;NRU;0;0;0;0;0;0;0;0;0;0;0;0;0;0;0;0;0;0;0;0;0;0;0;0;0;0;0;0;0;0;0;0;0;0;0;0;0;0;0;0;0;0;0
New Zealand;NZL;49601;48317;52587;53668;55467;54661;57248;58533;57616;55998;58642;58363;60534;60808;62275;62890;63171;62070;65388;64221;65690;65435;67150;66895;68093;69576;70563;73548;69546;71815;74423;76277;77305;80252;80229;82067;83539;81888;81443;76062;76142;75851;78131
OECD members;OED;12807622;12923436;13431331;14060747;13900507;13543102;14282229;14537590;14647886;15132281;14808531;14480014;13973462;13882802;14248605;14374395;14354122;14372912;15037844;15346516;15097055;15095632;15030948;15155664;15551642;15680240;15939824;16463330;16863141;16728573;16844963;16774290;17053954;17192680;17649684;17228807;17315883;17428039;16650669;16303087;16306179;16385045;16240618
Oman;OMN;11263;11974;12679;13469;14668;41268;46083;46624;40124;37391;25804;28755;26653;29531;26941;23802;27066;27323;29972;30545;35356;39184;39070;38850;37320;41449;43220;44902;27561;30791;35439;40680;43298;46465;46069;48100;50886;52515;55221;55510;59042;60706;62202
Other small states;OSS;133929;126790;139197;154108;148440;153696;154776;163024;168454;174760;173954;168991;173457;180286;175346;176499;181419;189639;187756;189478;188932;180276;159947;141853;145595;148110;142869;127581;210726;231277;218628;235108;229061;205826;226873;227800;266868;238201;324419;257418;357243;365456;374954
Pakistan;PAK;87132;88273;89366;91944;95682;100792;102279;106851;112301;117082;118581;123883;130156;132526;136909;142485;147683;148983;163110;167541;172551;175961;185194;194843;201063;209250;220080;225906;234308;246612;247349;250585;256954;271615;291014;299135;314155;336410;338552;343244;354529;362475;369735
Panama;PAN;5712;5876;6183;6561;6808;6989;7032;6964;6840;7256;6952;6658;7120;7463;6873;6734;6906;6922;6503;6614;6814;7310;8022;8212;8471;8818;8891;8870;10071;8737;9159;11338;10476;10850;10819;10589;11988;11689;15083;15490;15429;15860;16249
Peru;PER;55258;49525;51650;49970;53198;54950;58644;53842;56740;58834;60579;60095;60745;57027;53958;53620;57184;62287;60300;57775;59544;57289;59370;62945;57507;63407;66878;67172;70300;64302;66574;49675;51029;53093;56439;68557;58737;70912;63708;64753;71614;73290;74807
Philippines;PHL;78221;78563;79528;88767;84178;85573;84879;89722;92112;94616;90455;87094;87028;91682;83765;82498;82668;83709;92301;94618;96355;96239;102098;106303;117252;125623;134297;140736;163224;140842;150079;142869;138051;140443;142979;146434;201211;149106;152332;223801;159940;163798;167298
Palau;PLW;0;0;0;0;0;0;0;0;0;0;0;0;0;0;0;0;0;0;0;0;0;0;0;0;0;0;0;0;0;0;0;0;0;0;0;0;0;0;0;0;0;0;0
Papua New Guinea;PNG;6716;5585;17758;9591;7310;7366;11558;21328;11501;17234;18483;16621;71592;32603;19817;20888;31682;49889;22162;23682;29504;58950;56368;37196;58387;35410;34368;143275;8730;6685;8257;10360;84385;10218;19650;9453;14196;9773;9516;11299;10668;10888;11087
Poland;POL;466180;467739;490843;516053;541552;566179;585817;603010;624094;617874;606341;569138;574774;578354;583715;581330;594357;588453;583838;558609;474016;460117;452553;449456;448872;458557;435649;433539;388906;380842;392642;385654;375643;387619;411840;411812;423291;421175;420982;405421;426486;422791;414607
Pre-demographic dividend;PRE;2826299;1965110;2057102;2204683;1945099;2173071;2054079;2311015;2327119;2907059;2681504;2331847;2606793;2579593;2224620;2205666;2131912;2605104;2110119;2320567;2984135;2522433;3542747;2486005;2713799;2818129;2584380;2524210;4704864;3922354;4064780;3795056;3788767;4267368;3899447;4474810;4227183;4645227;4364980;3989396;4195928;4212979;4223033
Puerto Rico;PRI;2378;2496;2574;2632;2641;2530;2546;2513;2532;2521;2430;2438;2480;2445;2520;2537;2605;2619;2748;2858;2941;3012;2740;2832;2912;2888;2947;2997;2865;2913;2963;3011;3031;3095;3099;3119;3106;3064;3068;3119;3199;3248;3293
Korea, Dem. People’s Rep.;PRK;94042;93374;97368;101175;103163;107604;114424;122135;131631;139395;147262;150761;156400;165174;166106;171602;169588;171329;167896;167434;162999;155909;142827;132390;119836;111920;100618;98661;84375;89468;97814;101904;96022;98123;101211;106557;106807;92054;99381;99920;104117;107165;109895
Portugal;PRT;26925;28816;29552;32090;31552;33239;34558;35247;37256;40296;41435;43003;43634;44334;42653;41504;45720;46132;47741;56693;58227;60330;64300;63335;64486;69204;67633;70752;83127;84723;88594;85399;88319;89900;84931;101594;81337;79399;74434;75493;71681;71978;72524
Paraguay;PRY;52446;37861;45585;39123;41939;47301;54929;44313;52369;54650;57665;53699;56702;57914;47853;50816;53737;64037;56179;56827;63833;59605;63671;70228;54360;60568;62323;63389;48082;136601;39439;86906;83003;83847;69049;90747;67109;138576;54092;46876;50028;50445;50844
West Bank and Gaza;PSE;0;0;0;0;0;0;0;0;0;0;0;0;0;0;0;0;0;0;0;0;0;0;0;0;0;0;0;0;0;0;0;0;0;0;0;0;0;0;0;0;0;0;0
Pacific island small states;PSS;5145;5173;5439;5823;5968;6257;6288;6750;7393;7251;8389;8548;8623;8496;8020;8886;8623;9145;9549;9173;9169;7522;6232;6591;6843;7027;7256;7225;7141;6820;6665;6792;7095;7297;7185;7062;7198;7485;7467;7718;7576;7699;7657
Post-demographic dividend;PST;12754631;12859771;13345419;13967684;13778717;13412985;14134867;14368294;14436860;14925009;14583489;14277940;13721974;13663548;14001331;14136981;14099741;14113399;14775602;15068676;15026517;14934720;14767327;14766549;15005932;15093438;15266723;15746114;15991380;15990485;16037968;16053616;16262273;16409215;16838630;16309592;16358907;16446255;15684024;15275918;15272230;15362537;15199245
French Polynesia;PYF;0;0;0;0;0;0;0;0;0;0;297;435;545;701;729;848;972;971;1049;1021;1014;970;961;957;759;777;778;821;828;856;610;0;0;0;0;0;0;0;0;0;0;0;0
Qatar;QAT;13148;15621;18432;20977;18063;18273;16998;15750;17272;17812;16167;14881;16306;15571;20022;18988;20355;20340;21411;22303;21978;23318;0;0;0;0;0;0;38745;43696;44440;45516;46984;51782;58828;61389;68074;77136;83149;86228;98392;100891;103155
Romania;ROU;176279;179222;185194;199679;203755;218145;236190;245961;263438;269315;266433;269641;268316;278659;270755;270433;273743;271783;284586;278927;247279;204626;186160;174503;170925;177197;181831;167309;147444;129621;132628;137738;135160;141128;139882;139578;144383;141043;136835;119648;117931;126194;121762
Russian Federation;RUS;2240873;2244827;2405408;2450946;2531227;2692998;2800716;2847657;2914880;2964556;3028838;3032440;3060876;3076796;3113509;3147717;3237018;3294290;3376294;3390141;3593582;3391970;3128013;3013967;2707581;2645145;2718565;2457480;3459686;2512657;2771222;2649244;2984845;3542027;2413521;2527172;2748951;2604102;2995287;2562921;2603290;2777724;2803398
Rwanda;RWA;2034;2005;2041;2121;2087;2184;2189;2276;2370;2388;2449;2631;2727;2855;3027;3207;3203;3272;3307;3476;3252;3317;3366;3162;3054;3232;3420;3683;5454;4837;4900;3924;4806;4794;5635;4964;5022;4905;5184;5967;6547;6620;6690
South Asia;SAS;997943;1001723;1016823;1028998;1057788;1095577;1121433;1149114;1162553;1199830;1221847;1278829;1317620;1364061;1432601;1459375;1524698;1527153;1648643;1715009;1743930;1802559;1856480;1903251;1972951;2058405;2131357;2191781;2197254;2423794;2338908;2335411;2385992;2465093;2600816;2642161;2775997;2956095;3019145;3186193;3386372;3456044;3630442
Saudi Arabia;SAU;78220;94021;121325;162522;171400;140263;173655;184502;187608;216985;260542;237001;230348;223068;170934;0;0;0;0;0;0;0;0;0;0;262038;276182;280674;292877;295772;310714;321604;336300;355029;0;0;0;419853;446765;471266;0;514967;0
Sudan;SDN;59377;58815;59424;65986;56182;60079;61934;69048;62336;68575;82112;74390;83731;79699;79969;76286;74452;76359;73963;78623;92667;80070;92411;90845;95753;101976;103020;107153;519528;511595;529254;423306;516954;499185;485681;536024;453816;634375;572341;559206;487563;489798;491982
Senegal;SEN;8236;8274;8043;8110;7853;8272;8527;9046;8845;9132;9392;9020;9341;8927;9124;9317;9606;9988;9812;10301;11016;10641;11430;11429;11652;12145;12591;13139;44964;56358;48633;58818;55039;34579;49187;50289;58446;47430;51877;47325;53408;53810;54185
Singapore;SGP;0;0;0;0;0;0;0;0;0;0;0;0;0;0;0;0;0;0;0;0;0;0;0;0;0;0;0;0;0;0;0;49852;0;43166;44837;47598;48419;49829;50060;49828;52732;54414;55910
Solomon Islands;SLB;3570;3565;3818;4109;4069;4394;4439;4732;5352;5027;5610;5759;5905;5810;5643;6256;5953;6434;6644;6080;5904;4416;3295;3533;3812;3885;4053;4059;3887;3784;4086;4147;4330;4402;4423;4324;4336;4406;4412;4420;4480;4537;4591
Sierra Leone;SLE;7406;7349;7291;7713;6657;6988;7199;8024;7272;7737;8980;7886;8680;8172;7939;7590;7757;8006;7967;8359;9629;8258;8799;8430;8296;8960;8921;9166;18982;25037;14764;32394;22464;20892;21206;14869;26983;28565;33084;17509;11647;11731;11811
El Salvador;SLV;4928;4966;5292;5384;5490;5836;6101;6504;6909;6631;5908;5804;5329;5454;5354;5789;5728;5948;6412;6399;6686;7559;8045;8323;9025;9244;9079;10077;10167;10406;10345;11361;11243;11251;11579;11528;11691;12086;11980;11912;11979;12294;12578
San Marino;SMR;0;0;0;0;0;0;0;0;0;0;0;0;0;0;0;0;0;0;0;0;0;0;0;0;0;0;0;0;0;0;0;0;0;0;0;0;0;0;0;0;0;0;0
Somalia;SOM;13182;13130;13454;13320;13282;14171;14181;15107;16193;16303;16256;16818;17214;16876;17197;17756;18076;18757;19427;19403;17953;16222;15394;16894;18253;18763;19206;19653;20920;21186;20492;20650;20911;21517;21193;21220;21177;21273;21451;21131;21462;21690;21916
Serbia;SRB;0;0;0;0;0;0;0;0;0;0;0;0;0;0;0;0;0;0;0;0;0;0;0;0;0;0;0;0;0;0;0;0;0;0;0;0;0;0;0;0;0;0;0
Sub-Saharan Africa (excluding high income);SSA;3145046;2263910;2359063;2529065;2264167;2509525;2394481;2666122;2648634;3230291;3026286;2696214;2969471;2929945;2265842;2241165;2166029;2645824;2140543;2354907;3394615;2944492;3986775;2883999;3114783;3242152;3027824;2983050;5549287;4717142;4807543;4482776;4514014;5001770;4624594;5287377;5001274;5447316;4754071;4278872;4557406;4573086;4600245
South Sudan;SSD;0;0;0;0;0;0;0;0;0;0;0;0;0;0;0;0;0;0;0;0;0;0;0;0;0;0;0;0;0;0;0;0;0;0;0;0;0;0;0;0;0;0;0
Sub-Saharan Africa;SSF;3145185;2264050;2359208;2529216;2264326;2509688;2394648;2666299;2648810;3230506;3026521;2696401;2969641;2930215;2266117;2241454;2166332;2646127;2141000;2355343;3394980;2944894;3987161;2884392;3115165;3242555;3028220;2983498;5549287;4717142;4807543;4482776;4514695;5002467;4624594;5287377;5001274;5448103;4754878;4279678;4558260;4573970;4601155
Small states;SST;174691;167202;183693;191250;186075;194026;195541;201976;202617;217647;211126;221315;224623;231024;221951;222362;227298;239218;235000;238117;241159;230256;210388;194237;192738;197784;193987;178504;273719;287272;276487;291301;264687;274968;300863;307394;355140;327843;416633;370045;451235;465243;478588
Sao Tome and Principe;STP;39;40;40;43;43;45;47;50;51;55;59;58;60;62;63;65;68;69;72;72;97;102;101;102;103;107;108;111;105;109;207;188;191;210;170;177;155;170;176;177;185;191;195
Suriname;SUR;10003;7814;8953;8386;8392;9352;10285;8862;10317;10465;11022;10681;10823;10508;8648;9115;9354;10454;9097;9339;10498;10097;10558;11072;8491;9188;9411;9293;3184;2516;2496;0;3140;2773;3272;2577;2536;2467;3263;3126;0;2598;2658
Slovak Republic;SVK;53504;52047;53252;54993;56048;57618;58390;60680;67886;68991;76255;75528;73120;72867;75847;75116;72103;71837;74921;73398;72262;63384;59272;56027;53999;53825;54863;54885;53026;52302;50421;50060;49587;49336;48357;48959;48388;48142;49161;46723;49973;48552;46301
Slovenia;SVN;11112;11267;11319;12764;13487;14300;14315;15376;15850;16831;16418;16592;16008;17724;18884;18289;18215;18619;21368;20633;19978;18530;17825;18307;18332;18870;20088;21798;21456;21132;20927;21694;22342;21936;22064;22367;22782;22933;23252;21453;21894;21513;21075
Sweden;SWE;113240;106526;106821;110000;102657;104174;110826;107418;102256;105368;97853;90386;84124;78523;78624;82915;83971;83837;79750;77023;77171;78779;79780;79917;82407;82230;87890;81624;83307;81508;77926;77119;78855;79444;77673;74563;74171;71293;69993;65034;71435;68780;65768
Swaziland;SWZ;1607;1627;1669;1738;1753;1849;1965;2045;2132;2226;2101;2032;2024;2006;1962;2095;2122;2126;2190;2250;2262;2250;2289;2093;2219;2293;2314;2385;3994;3252;2815;2695;2761;2632;3059;2940;2647;3715;3256;3032;3378;3430;3478
Sint Maarten (Dutch part);SXM;0;0;0;0;0;0;0;0;0;0;0;0;0;0;0;0;0;0;0;0;0;0;0;0;0;0;0;0;0;0;0;0;0;0;0;0;0;0;0;0;0;0;0
Seychelles;SYC;139;140;146;151;160;163;167;177;176;215;235;187;170;270;275;290;302;303;457;436;365;402;386;393;382;403;396;447;0;0;0;0;681;697;0;0;0;787;806;806;854;884;910
Syrian Arab Republic;SYR;11177;11205;11163;10697;13229;15407;17852;19474;20094;23406;23191;0;28714;32865;35534;33088;33879;41039;43712;42423;48602;54760;57171;58495;57515;60581;62105;62191;66649;67571;68163;65587;66236;66146;66911;67606;71045;73073;70098;69996;73021;75181;77119
Turks and Caicos Islands;TCA;1;1;1;1;1;1;1;1;1;1;2;2;2;2;2;2;2;2;2;2;2;9;9;8;8;0;0;0;0;0;0;0;0;0;0;0;0;0;0;0;0;0;0
Chad;TCD;14368;14150;14471;14580;10754;11655;12280;14482;12932;14062;16803;14531;16395;15346;13782;12661;13249;14120;13571;14969;18338;15274;17297;16303;16295;17936;17781;18883;110318;123674;129248;104127;127185;132429;125121;123871;127647;128597;119558;102032;109130;109464;109796
East Asia & Pacific (IDA & IBRD countries);TEA;3321682;3037032;3705557;3737382;3254427;3450181;3658826;4493704;4534808;4662799;4838462;4602815;6600051;6060917;5178143;5093317;5757940;6789108;5930370;5857758;6682114;7812511;8302168;7582881;8479070;8236058;8144505;11929126;7982316;7121944;6785142;7073837;8556009;8337364;9833286;10387282;12367180;11633339;12236182;13345526;13586158;14814586;15269972
Europe & Central Asia (IDA & IBRD countries);TEC;4262186;4280971;4558002;4690335;4847720;5057853;5271371;5374082;5505672;5575194;5637142;5610599;5659281;5705997;5763488;5827380;5972767;6051674;6180289;6167161;6734456;6341351;5819723;5576159;5058610;4952195;4981312;4627600;5508780;4501758;4819348;4679631;5106945;5692436;4610481;4731330;5048100;4947304;5360571;4756794;4938986;5173160;5207216
Togo;TGO;9572;9344;9325;9926;7990;8588;8770;10237;8931;9686;11576;9837;11403;10460;10522;9678;10081;10557;10160;10920;13410;10948;12174;11395;11770;12780;13189;13226;29198;19898;22055;18098;20990;20324;14388;32081;17748;19390;27174;23856;22578;22761;22932
Thailand;THA;109548;105109;107361;121712;111395;117931;121443;132891;141135;138183;144740;143100;141743;161416;153941;157907;159232;166025;181434;189314;208063;219782;238491;245857;260304;281624;295588;300755;400464;316589;283870;287256;322454;324193;380171;364316;349981;388568;357708;363782;421228;431312;440412
Tajikistan;TJK;7694;7986;8359;8744;9153;8290;8536;8639;8805;9014;9732;9826;9655;10039;10073;10619;11253;11586;11935;12227;21668;22661;20248;16052;13057;12716;12376;11525;11512;11332;10059;10366;10321;10833;11882;12218;13240;14532;14275;14129;14727;15286;15365
Turkmenistan;TKM;29941;30275;31959;34041;36487;24582;29493;31210;33030;33990;31156;32512;34235;36041;37546;39784;41534;43155;45973;46883;81332;74812;56305;57808;55778;55244;51096;45885;45829;55974;63236;66916;70833;80037;76967;79176;81028;86686;91469;80016;87380;88649;92178
Latin America & the Caribbean (IDA & IBRD countries);TLA;2405378;2014653;2273890;2135747;2265163;2439007;2694754;2426482;2688473;2846956;2980557;2861113;2980483;2966090;2707897;2789681;2914121;3219128;3035310;3084532;3300750;3261992;3376198;3572143;3161698;3343670;3454557;3535478;4384474;3614904;3122352;3095066;3413817;3667741;4081366;4661981;3726825;5045982;3683479;3304211;4995115;5608291;5684729
Timor-Leste;TLS;588;604;651;658;647;604;546;486;442;377;352;357;373;394;418;423;428;428;408;425;453;529;513;535;704;781;637;617;643;560;615;791;804;860;879;886;898;902;913;925;940;950;959
Middle East & North Africa (IDA & IBRD countries);TMN;408997;412521;437806;482742;486325;495626;560903;575273;587831;598483;571372;517598;601864;640466;653423;688765;704396;710208;736640;773672;823836;847950;884903;919016;966435;1000634;1017893;1048608;1076015;1112949;1165153;1186519;1226527;1265781;1346179;1407623;1481298;1533129;902170;881165;926458;953516;977796
Tonga;TON;57;56;56;60;64;72;76;84;100;102;115;138;130;112;103;104;104;125;136;131;124;131;143;144;155;150;154;152;142;141;175;175;150;158;152;154;153;153;148;148;152;155;0
South Asia (IDA & IBRD);TSA;997943;1001723;1016823;1028998;1057788;1095577;1121433;1149114;1162553;1199830;1221847;1278829;1317620;1364061;1432601;1459375;1524698;1527153;1648643;1715009;1743930;1802559;1856480;1903251;1972951;2058405;2131357;2191781;2197254;2423794;2338908;2335411;2385992;2465093;2600816;2642161;2775997;2956095;3019145;3186193;3386372;3456044;3630442
Sub-Saharan Africa (IDA & IBRD countries);TSS;3145185;2264050;2359208;2529216;2264326;2509688;2394648;2666299;2648810;3230506;3026521;2696401;2969641;2930215;2266117;2241454;2166332;2646127;2141000;2355343;3394980;2944894;3987161;2884392;3115165;3242555;3028220;2983498;5549287;4717142;4807543;4482776;4514695;5002467;4624594;5287377;5001274;5448103;4754878;4279678;4558260;4573970;4601155
Trinidad and Tobago;TTO;0;8110;8298;0;0;0;0;0;0;0;0;0;0;0;0;0;0;0;0;0;0;0;0;0;0;0;0;0;21180;22878;24112;25252;0;31440;38415;43922;52005;51308;54553;54882;58069;59777;61309
Tunisia;TUN;8479;8771;9435;9627;10360;10623;10983;11832;12339;13340;14534;14896;14732;16463;17245;17873;18242;18602;19433;20596;21219;22092;23171;23965;23972;24746;26069;26847;28144;29464;30800;31282;31568;31531;32529;32173;33238;33571;35102;35557;37650;38741;39721
Turkey;TUR;94429;99374;108791;115256;118499;126183;136679;146625;146793;141905;146951;150439;158937;163446;170409;175455;187200;193605;198660;212147;224459;226728;237906;244901;240893;261203;278000;289681;295885;295553;316465;297564;310061;323781;333498;347595;377156;406298;399182;404637;422722;434798;445640
Tuvalu;TUV;2;2;2;2;2;2;2;2;3;3;3;3;3;3;3;4;4;3;3;4;4;4;4;4;5;5;5;5;5;5;5;5;5;5;5;5;5;5;5;5;5;5;5
Tanzania;TZA;98933;60645;64665;68502;61250;70905;64788;73092;76880;97909;83508;75070;83357;83397;67141;68436;65615;86096;65067;71861;94958;81829;120884;75693;86107;90916;79398;76244;286147;157566;215939;196701;183662;259728;221349;269559;167501;202225;201405;231456;234147;234762;235353
Uganda;UGA;14723;15454;16464;18144;17374;19053;20444;22513;22638;24193;26440;25371;27699;27980;28931;29111;30505;30070;31101;33058;36901;35319;37220;37153;37155;38761;38939;39732;85877;58913;72771;57993;59823;89595;70140;111347;40779;104201;89207;52830;79906;80319;80725
Ukraine;UKR;560722;564861;583845;606671;621547;648157;667327;677595;680755;695293;692574;690836;690841;695757;699259;713930;717905;726913;732232;729647;953119;885209;804263;712001;606686;598434;533869;514548;485492;483347;470108;459966;462724;484337;457165;434669;432632;444202;436817;367350;393092;410067;404900
Upper middle income;UMC;7903957;7561964;8139743;8282684;8474156;9041867;9578936;9662803;10220081;10482606;10655265;10484269;10776361;11044936;10684339;10835389;11235624;11678287;11966988;12163384;13252191;13072529;13022412;13293592;12834943;13419448;13790775;13510448;15500052;13474639;13407399;13417322;14535772;16035573;16321580;17707152;18038756;19796414;18778957;18451776;20956402;22158624;22704077
Uruguay;URY;25511;25239;26091;26748;27679;29435;28241;28024;28258;29797;31494;31343;30595;26942;25555;25934;26134;27355;29631;28552;26112;27784;29393;29965;30031;30384;31695;31458;30975;32266;30376;29627;30061;30911;32687;32689;34036;33889;34052;33510;33285;33774;34238
United States;USA;5400504;5440421;5704297;5912971;5756864;5539255;5868460;6048233;6054465;6135463;5896083;5830249;5534118;5524778;5761217;5776898;5731026;5743633;6185748;6221392;6136094;6073644;6137498;6282704;6374979;6365297;6577713;6724414;6749016;6808138;6969124;6821236;6981787;6991255;7244272;7182808;6994087;7128952;6648991;6604069;6713349;6571654;6343841
Uzbekistan;UZB;82935;84401;88584;93605;99231;68100;73669;76372;79044;79217;76390;78101;81039;83619;85762;88918;92265;94901;98615;98877;169358;171748;162670;162767;156745;145116;146678;151246;165588;167640;165977;168462;176066;173583;171338;167568;173582;173888;183950;173966;172723;180735;177224
St. Vincent and the Grenadines;VCT;68;68;77;82;78;88;81;89;85;86;87;116;121;139;135;125;119;115;129;148;141;135;139;125;178;188;188;173;214;227;223;224;234;240;260;261;268;277;285;0;302;311;319
Venezuela, RB;VEN;137392;123611;130312;135181;135826;134549;145623;140138;152729;168194;180109;177390;181185;181325;176021;179418;184737;195385;189622;197171;210103;208029;213146;224661;211849;227661;239936;249991;285668;230883;251580;265572;232788;281169;258465;255158;255909;280144;271197;265790;268746;275684;281921
British Virgin Islands;VGB;32;30;36;38;35;40;37;40;38;37;38;78;79;94;86;68;69;0;72;75;73;72;74;0;0;0;0;0;0;0;0;0;0;0;0;0;0;0;0;0;0;0;0
Virgin Islands (U.S.);VIR;22;23;24;26;28;31;32;34;35;36;38;39;40;41;42;42;43;43;44;45;45;46;46;47;47;48;48;49;42;43;43;44;45;45;46;48;50;52;54;57;60;61;61
Vietnam;VNM;79129;77395;78737;83409;79940;80402;79150;83326;83169;83054;85058;86365;89161;93260;91836;92693;95770;95866;99076;97268;99054;101488;104778;108871;114051;120659;127273;133696;186688;175583;155792;159963;187715;190419;229222;232510;234359;256397;255550;266082;278994;285091;310664
Vanuatu;VUT;230;248;248;274;296;299;307;307;302;306;338;353;337;342;322;370;372;383;410;401;433;421;405;428;425;426;432;442;444;453;463;457;444;441;435;436;431;445;449;427;434;440;446
World;WLD;27660218;26263241;28148781;29107899;28434027;28860203;30301514;31553905;32120464;33615148;33480327;32418039;34370124;33852269;32822992;33080641;34049392;35963102;35478326;36108992;38232170;38587504;39824355;38081370;38810307;39040328;39258545;43375208;44048271;40891983;40563437;40365673;43070575;44422305;45658898;47216059;48639988;49977387;48664441;48150621;50911114;52790527;53526303
Samoa;WSM;117;117;117;119;131;132;133;140;146;155;190;274;228;232;256;264;254;265;282;278;287;284;293;290;272;280;289;306;300;306;319;324;315;314;313;307;326;327;330;331;341;349;356
Kosovo;XKX;0;0;0;0;0;0;0;0;0;0;0;0;0;0;0;0;0;0;0;0;0;0;0;0;0;0;0;0;0;0;0;0;0;0;0;0;0;0;0;0;0;0;0
Yemen, Rep.;YEM;4840;5099;5354;5678;5872;5918;6187;6264;6619;6900;7807;7911;8474;9000;9186;9605;10010;10103;11644;12043;12850;14536;15338;14603;16621;17884;18386;19676;20870;22896;24225;25210;26580;28983;29514;32666;34959;36226;36800;37027;38865;39949;40925
South Africa;ZAF;253770;250419;250959;269278;275680;294055;308490;309765;286820;298781;307876;311848;309369;299857;0;0;0;0;0;0;349202;343391;353847;347841;355674;371350;383673;403031;457896;430854;420483;416031;434071;456334;472714;498313;480055;502130;0;0;0;0;0
Zambia;ZMB;234168;132575;142671;153120;133430;158349;140275;161328;170040;224649;185987;161735;183355;183319;141719;144149;134958;188042;132224;149005;209649;174045;278260;156527;182687;185179;156681;149987;448614;328964;290812;297453;300362;356025;368996;396446;314793;341006;321164;266118;319785;320025;320254
Zimbabwe;ZWE;24034;21405;21231;23156;22590;22662;23325;23277;22595;23746;22756;21833;22737;22614;21986;23896;26007;28160;29370;30264;35101;34133;38276;30183;30209;30377;30570;29469;76392;66725;51435;58453;50282;48217;61743;59895;55535;60918;68841;67914;71019;71562;72058